$MeshFormat
4.1 0 8
$EndMeshFormat
$Entities
12 13 13 1
1 -72.91837310791016 638.7132568359375 0 0 
2 -77.81072998046875 636.0408935546875 3.766648292541504 0 
3 -89.09272003173828 632.697509765625 7.459105014801025 0 
4 -95.53811645507812 632.4786987304688 12.466872215271 0 
5 -70.74666595458984 639.130859375 26.62888145446777 0 
6 -75.79421997070312 633.1447143554688 6.934974193572998 0 
7 -89.47128295898438 636.0408935546875 3.766648292541504 0 
8 -82.56629943847656 644.0545043945312 36.65193176269531 0 
9 -71.14508056640625 634.1008911132812 19.33215713500977 0 
10 -89.33399200439453 634.8504638671875 5.414375305175781 0 
11 -96.93241882324219 638.7438354492188 0 0 
12 -96.91699981689453 647.199951171875 27.16684341430664 0 
15 -75.59938278806025 638.7132568359375 0 -67.37958692013835 649.8517763233272 0 0 2 1 -1 
16 -77.81072998046875 635.2957227114113 3.766648292541504 -75.49999972074001 636.3338707389809 5.779992895192059 0 2 2 -2 
17 -98.34832595790085 631.770263718848 5.280334187009055 -68.27586897209937 657.3135952301499 26.50709675183906 0 2 3 -4 
18 -70.74666595458984 639.130859375 26.25528781952859 -66.44981146537063 646.6931484451726 27.07582721529861 0 2 5 -5 
19 -77.26827684499402 633.1447143554688 5.654084383945677 -75.79421997070312 634.591151210548 6.934974193572998 0 2 6 -6 
20 -91.78201321871312 635.2957227114113 3.766648292541504 -89.47128295898438 636.3338707389809 5.779992895192062 0 2 7 -7 
21 -87.01832369169547 641.3152563217914 35.77108782458257 -79.43833888469285 644.0545043945312 44.82897618171159 0 2 8 -8 
22 -95.98230342517759 629.8276480767227 11.50261637922067 -71.14508056640625 634.5048128243178 19.33215713500977 0 2 9 -9 
23 -95.53811645507812 631.701565206031 7.459105014801025 -89.09272003173828 632.9621429691847 12.466872215271 0 2 3 -4 
24 -98.65895104907608 632.4786987304688 7.459105014801025 -89.09272003173828 640.1416832697703 20.1157244422427 0 2 3 -4 
25 -90.77801946367764 633.3939162244662 5.414375305175781 -89.33399200439453 634.8504638671875 6.803843265811178 0 2 10 -10 
26 -99.76795140718038 638.7438354492188 0 -91.55548380864872 649.849617922581 0 0 2 11 -11 
27 -100.4412798788718 639.4456768884694 26.32882281735569 -96.64224710826072 647.199951171875 27.16684341430664 0 2 12 -12 
2 -100.2174682617188 631.396484375 0 -67.06454467773438 673.6088256835938 26.6871395111084 0 8 15 16 17 -23 19 20 25 26 
3 -103.9561004638672 628.53857421875 4.958863258361816 -63.3259162902832 657.3201293945312 45.09887313842773 0 6 17 -24 18 21 22 27 
4 -70.74666595458984 639.130859375 26.1817455291748 -66.13394165039062 647.199951171875 27.16684341430664 0 1 18 
5 -76.00026702880859 638.7132568359375 0 -67.06454467773438 649.8662109375 0 0 1 15 
6 -77.94802093505859 633.1447143554688 5.414375305175781 -75.79421997070312 634.8504638671875 6.934974193572998 0 1 19 
7 -77.81072998046875 635.0623168945312 3.766648292541504 -74.77622222900391 636.3662109375 5.79069185256958 0 1 16 
8 -87.09265899658203 641.311279296875 35.64320755004883 -79.14485168457031 644.0545043945312 45.09887313842773 0 1 21 
9 -96.13693237304688 629.5701904296875 11.10642051696777 -71.14508056640625 634.5770874023438 19.33215713500977 0 1 22 
10 -91.48779296875 633.1447143554688 5.414375305175781 -89.33399200439453 634.8504638671875 6.934974193572998 0 1 25 
11 -92.50579071044922 635.0623168945312 3.766648292541504 -89.47128295898438 636.3662109375 5.79069185256958 0 1 20 
12 -101.1480712890625 639.130859375 26.1817455291748 -96.53534698486328 647.199951171875 27.16684341430664 0 1 27 
13 -98.7352294921875 631.396484375 7.459105014801025 -89.09272003173828 640.3289794921875 20.30267524719238 0 2 23 -24 
14 -100.2174682617188 638.7132568359375 0 -91.28174591064453 649.8662109375 0 0 1 26 
1 -103.9561004638672 628.53857421875 0 -63.3259162902832 673.6088256835938 45.09887313842773 0 13 2 3 4 5 6 7 8 9 10 11 12 13 14 
$EndEntities
$Nodes
39 1160 1 1160
0 1 0 1
1
-72.91837310791016 638.7132568359375 0
0 2 0 1
2
-77.81072998046875 636.0408935546875 3.766648292541504
0 3 0 1
3
-89.09272003173828 632.697509765625 7.459105014801025
0 4 0 1
4
-95.53811645507812 632.4786987304688 12.466872215271
0 5 0 1
5
-70.74666595458984 639.130859375 26.62888145446777
0 6 0 1
6
-75.79421997070312 633.1447143554688 6.934974193572998
0 7 0 1
7
-89.47128295898438 636.0408935546875 3.766648292541504
0 8 0 1
8
-82.56629943847656 644.0545043945312 36.65193176269531
0 9 0 1
9
-71.14508056640625 634.1008911132812 19.33215713500977
0 10 0 1
10
-89.33399200439453 634.8504638671875 5.414375305175781
0 11 0 1
11
-96.93241882324219 638.7438354492188 0
0 12 0 1
12
-96.91699981689453 647.199951171875 27.16684341430664
1 15 0 10
13
14
15
16
17
18
19
20
21
22
-70.21511952459099 638.9770399219531 0
-68.79735322236468 641.4357158620559 0
-67.37958692013835 643.8943918021587 0
-68.21206983955429 646.3265247185514 0
-69.68743667653689 648.7510744422116 0
-71.91391252015548 649.8517763233272 0
-74.11867351546718 648.9104319896149 0
-75.22487809656859 646.2967257913365 0
-75.59938278806025 643.7165339379595 0
-74.25887794798521 641.2148953869485 0
1 16 0 2
23
24
-76.07247741902515 636.3338707389809 5.779992895192059
-75.49999972074001 635.2957227114113 4.979451036352329
1 17 0 37
25
26
27
28
29
30
31
32
33
34
35
36
37
38
39
40
41
42
43
44
45
46
47
48
49
50
51
52
53
54
55
56
57
58
59
60
61
-86.21681129147237 632.1798705819823 7.113651513105303
-83.34090255120645 631.770263718848 6.840294839847743
-80.46499381094054 632.2879029024907 7.185748341543465
-77.78740340894902 632.2369109938796 7.51785801046904
-75.67640511040391 632.2386366423432 8.469027435032793
-73.5552902503418 633.6103592639478 9.015781426112682
-71.73762286723925 635.0161025910684 7.177817740052699
-70.82771027928975 637.5243374962516 8.102911294079664
-69.98190175423763 640.1104281119829 9.223126806733298
-69.46301286277915 641.5180276137727 11.605136342264
-69.02179143354797 642.6456488217678 14.2869144073322
-68.58057000431681 643.773270029763 16.96869247240039
-68.27586897209937 645.151245267062 19.16788894136327
-68.7663130100661 647.9873741453936 18.55635222150894
-69.51813979946802 650.3699720861481 19.52176635256253
-70.41047652563371 652.5087683115336 21.3348922174784
-72.27944789706812 653.8327645652726 23.06132732265331
-74.44129528024757 654.921032530262 24.70855743376699
-77.22882049483933 655.6479621983418 25.30807053979102
-80.01634570943108 656.3748918664218 25.90758364581504
-82.80387092402283 657.1018215345016 26.50709675183906
-84.43849221549743 657.3135952301499 24.78907589782117
-85.57827037249459 657.3042565079525 22.07633594166726
-86.71804852949172 657.294917785755 19.36359598551336
-87.85782668648886 657.2855790635576 16.65085602935945
-88.997604843486 657.2762403413602 13.93811607320553
-89.33033149466263 656.4231521053973 11.30408635473081
-89.14352736205709 655.0269094166913 8.720726120676996
-90.40606082835872 653.1670057216974 7.263554193612557
-92.26774541858389 651.1154259361457 6.271944190310809
-94.12943000880907 649.0638461505941 5.280334187009056
-95.68850559121186 646.9313883015518 5.90128123614084
-97.102417506745 644.7601322646632 7.295784676797147
-97.49776813458975 642.2640391910965 8.623429070989905
-97.70281091829533 639.562309083573 9.66462010547812
-98.34832595790085 636.7566875030468 10.27284490696395
-97.32289623344951 634.4942661912887 11.27935864388979
1 18 0 6
62
63
64
65
66
67
-70.60928960052752 642.035337787355 26.82252144994104
-70.47191324646518 644.9398161997102 27.0161614454143
-69.97409152081696 646.6931484451726 27.07582721529861
-68.21195149309379 644.4086561917316 26.6655575174136
-66.44981146537063 642.1241639382905 26.25528781952859
-68.21324114143493 640.5499483594712 26.38330309918672
1 19 0 2
68
69
-77.23860995342021 634.591151210548 6.342798840251826
-77.26827684499402 634.0419557041012 5.654084383945677
1 20 0 2
70
71
-91.78201321871312 635.2957227114113 4.979451036352332
-91.20953552042798 636.3338707389809 5.779992895192062
1 21 0 10
72
73
74
75
76
77
78
79
80
81
-80.39845381721791 642.4516977937733 36.02483841748914
-79.43833888469285 641.5344798322745 36.79201534888732
-80.13425289687216 641.5573346064637 39.47100229316207
-80.83016690905146 641.5801893806528 42.14998923743683
-81.52608092123076 641.603044154842 44.82897618171159
-82.84665485583365 641.538445436684 42.94767984647575
-84.23721113445427 641.4640490650531 40.55548250584469
-85.62776741307486 641.3896526934222 38.16328516521363
-87.01832369169547 641.3152563217914 35.77108782458257
-84.89163222700545 642.6452236725717 36.13371851513094
1 22 0 21
82
83
84
85
86
87
88
89
90
91
92
93
94
95
96
97
98
99
100
101
102
-73.28097344439722 634.4224619909552 17.45969355012428
-75.13414279855861 633.4279288150453 15.43832971775448
-76.98731215272001 632.4333956391355 13.41696588538467
-79.59372373809012 631.8445701523225 12.43513158282371
-82.36849927652231 631.346428050753 11.68565190066852
-85.14327481495449 631.387675964879 11.74771144847886
-87.91805035338668 631.8858180664485 12.49719113063405
-90.44814970565686 632.515746472498 13.58434189672016
-92.30131905981825 633.5102796484078 15.60570572908996
-94.15448841397964 634.5048128243178 17.62706956145976
-95.98230342517759 634.0158442283935 19.16723371764396
-94.11488084609253 632.9887501731811 17.1754869092188
-92.24745826700747 631.9616561179687 15.18374010079365
-90.35063866241919 630.9504505716408 13.23047223332566
-87.6215908775295 630.3890493241817 12.36654430627316
-84.8925430926398 629.8276480767227 11.50261637922067
-82.16349530775013 629.8741340301113 11.57415258176737
-79.43444752286047 630.4355352775705 12.43808050881986
-76.74734830366147 631.0196089476441 13.35691670973425
-74.8799257245764 632.0467030028565 15.34866351815943
-73.01250314549132 633.0737970580689 17.3404103265846
1 23 0 3
103
104
105
-90.7270011666723 631.701565206031 7.930799059764097
-92.5377326261349 632.8084224464238 9.040040650122499
-94.11571878651003 632.9621429691847 10.60210284208216
1 24 0 10
106
107
108
109
110
111
112
113
114
115
-91.20612211595751 633.9858301330512 8.804143982252356
-93.07811679563204 634.0818919081479 10.56185537937871
-94.66465887099422 633.5859160794259 12.63477060995866
-95.70779758951637 635.3139171834185 14.599774773107
-96.75093630803853 637.0419182874111 16.56477893625532
-97.79407502656069 638.7699193914036 18.52978309940366
-98.65895104907608 640.1416832697703 20.1157244422427
-97.87874240057658 638.2259371349448 18.20351138549977
-97.0985337520771 636.3101910001195 16.29129832875685
-96.31832510357762 634.3944448652941 14.37908527201392
1 25 0 2
116
117
-90.715374240579 634.0495078361575 6.803843265811178
-90.77801946367764 633.3939162244662 6.155668159435523
1 26 0 10
118
119
120
121
122
123
124
125
126
127
-98.35018511521127 641.2025113715337 0
-99.76795140718038 643.6611872938485 0
-99.2098811082586 646.0965570583102 0
-97.73451428194996 648.5211067644294 0
-95.63729010510728 649.849617922581 0
-93.26826245811517 649.1583409111029 0
-92.16205788501691 646.5446347317339 0
-91.55548380864872 643.9538133442845 0
-92.89598863902552 641.4521748113723 0
-94.23649346940232 638.9505362784602 0
1 27 0 6
128
129
130
131
132
133
-98.67913984788316 644.9154589142005 26.75657371566135
-100.4412798788718 642.630966656526 26.34630401701606
-99.63079892642875 640.8647658755704 26.32882281735569
-97.09737410857909 639.4456768884694 26.57440117309183
-96.64224710826072 641.3909943364001 26.77956342264244
-96.77962346257762 644.2954727541376 26.97320341847454
2 2 0 266
134
135
136
137
138
139
140
141
142
143
144
145
146
147
148
149
150
151
152
153
154
155
156
157
158
159
160
161
162
163
164
165
166
167
168
169
170
171
172
173
174
175
176
177
178
179
180
181
182
183
184
185
186
187
188
189
190
191
192
193
194
195
196
197
198
199
200
201
202
203
204
205
206
207
208
209
210
211
212
213
214
215
216
217
218
219
220
221
222
223
224
225
226
227
228
229
230
231
232
233
234
235
236
237
238
239
240
241
242
243
244
245
246
247
248
249
250
251
252
253
254
255
256
257
258
259
260
261
262
263
264
265
266
267
268
269
270
271
272
273
274
275
276
277
278
279
280
281
282
283
284
285
286
287
288
289
290
291
292
293
294
295
296
297
298
299
300
301
302
303
304
305
306
307
308
309
310
311
312
313
314
315
316
317
318
319
320
321
322
323
324
325
326
327
328
329
330
331
332
333
334
335
336
337
338
339
340
341
342
343
344
345
346
347
348
349
350
351
352
353
354
355
356
357
358
359
360
361
362
363
364
365
366
367
368
369
370
371
372
373
374
375
376
377
378
379
380
381
382
383
384
385
386
387
388
389
390
391
392
393
394
395
396
397
398
399
-70.05225896687801 641.6020704956716 4.184870411151028
-71.74251734916567 639.6680682578794 4.719959313678368
-70.51154977332861 640.0232218109918 2.540301318166452
-74.5980314821222 647.4248669884568 1.570032607002786
-75.99974047980707 645.1830563500829 1.598770937684548
-77.40368105865586 647.1736711246782 1.125433955982544
-86.01340443964187 661.1869535293081 0.1140734676223233
-86.56532329290404 658.548031620566 0.2912170588362704
-86.91913626181598 661.4457102581821 1.718529314306205
-82.35459114076417 671.969839926732 9.427688572703161
-82.52203318182835 670.775092350329 7.145085662391354
-84.56646448622932 671.8478410859803 8.034461727656423
-81.37489522464693 655.7672671164398 0
-83.80643287800289 656.7548965526487 0
-82.07180552445195 658.5982771533359 0
-79.72058965751083 645.7975484814251 0
-81.73552602472294 646.850740480249 0
-79.75209656734597 648.0798081871729 0
-92.02718115321053 645.9979282117621 0.2691316964607476
-89.88753236545411 645.6346687290782 0.5672835739423396
-82.2465572806278 656.032727685242 8.548659193163159
-81.09098287135387 657.3843214170507 6.319157044609296
-83.72770232162478 657.9512549001013 6.712214839186091
-86.41664068793241 656.4873104839296 6.916898234776093
-85.79077890072713 659.5485152734759 6.004836186148912
-85.00260867350087 666.9327769598995 8.554331048016428
-84.08145802182142 664.9626649007718 7.661824541483734
-83.35809553639021 666.6681810315417 8.723368283649338
-84.21208111064375 659.6319006938503 0
-80.30029676336243 656.3417765483625 10.50184606600173
-79.23998984538549 655.4346279912082 7.496620888632215
-86.18372550346987 665.2965891102647 7.351452955577711
-87.80865767877262 656.5444964834697 1.388282480122269
-86.33180670787645 654.8499289103386 0
-88.73561604438586 654.2710157010271 2.051131481493151
-84.51484819968947 670.4710120221836 6.411871945134214
-88.13491186691368 652.1292794759445 0.579296505963974
-68.73332130713725 643.3383510688684 3.217209811405838
-69.21895473022789 641.6035064117655 1.614228680616671
-81.42592279966659 668.6751684569629 6.671315043080972
-81.37092012951919 667.22998183659 5.133295939303444
-82.55922886523419 669.3523880354944 5.49431780124222
-95.19016552925349 633.8538131710047 9.389007426690291
-82.29974111504433 633.7073093261198 4.982824979482352
-81.22160855341286 635.6961824794512 3.081007795884211
-79.56553790957041 634.1038507402757 5.60092356749484
-92.77350557131757 647.6430346307674 1.323540533990269
-97.11018076564727 635.252496054738 9.283088439693104
-96.96578146727923 637.5912449071727 8.703054554688254
-95.79175356120848 635.7030474600434 7.24929360553122
-93.23185790968714 633.9382609726863 7.077219876815968
-95.47134327387056 638.5895823212796 7.276508286684617
-93.59690559441796 636.7771615584181 5.888965056813542
-94.78789536522615 639.461181640625 4.538974292977776
-77.85355353813054 656.0146753716814 23.69564062322832
-80.79657126195441 656.860921233812 23.65346117877383
-79.00763467628192 656.6424167807662 21.14291669650202
-87.23467434404452 646.1913192637182 0
-86.83888269537978 649.0805091773925 0
-84.48290210602586 647.009202298702 0
-80.65541227504208 664.2779426279001 3.064559041408128
-81.87916275381653 664.2987947334334 0.9331963934616051
-81.93844230984143 666.2564406460875 3.027502819226616
-82.1926959277105 649.0357320167692 0
-96.38884877665964 639.5360488249378 2.575245391597444
-94.37663285643859 639.1516543189357 2.458746887206175
-96.07235846317457 640.5942859904811 5.089136211060817
-69.24882207719423 643.7834605509462 11.7785549920488
-78.8623794456355 639.2918746860882 0.5025035469275075
-77.33115960201275 638.3441352167063 2.183676565187601
-79.67245364398977 637.6231141805965 1.613441689809744
-83.70375530499592 654.120799145468 0
-85.64305221452037 635.8227831160378 2.806910486618737
-87.53445624244789 635.1441157953685 4.167338395340535
-87.6679620208017 636.8494651183603 2.345746127269627
-74.00165487580271 634.1480170715994 6.808330288981153
-72.87943855928241 636.4491561650096 6.327529927311407
-74.06586698856172 637.9644235293266 5.628947483555774
-70.62443629281286 648.1010138405657 11.11847534699373
-71.54638383906831 650.6126384007786 13.39585400838116
-70.25925666834492 649.0639960121434 14.12891672340691
-79.40537532708836 641.2386140002026 0
-82.9526054916724 642.0877817398824 0
-79.89706582421684 643.5931351278903 0
-82.40442743013645 644.9061847029501 0
-75.88099821565277 637.6775074006548 3.858598189143176
-74.59369275524767 639.1473657880531 3.162878879834789
-69.36344231032598 647.1190029371555 13.89246082882264
-84.67620935152414 649.229508854256 0
-82.77646224764956 651.5801534352115 0
-72.79731330716804 654.2450213011762 19.65634640093934
-85.76869133011468 643.9638725143027 0
-82.70688797124973 668.1042238605922 3.855415549250413
-69.35471127594373 645.6408604985254 4.165883664769541
-70.35139976302706 645.4360991406263 6.516596118589695
-69.61473658886118 643.563781839389 6.366865270989222
-69.85877968970033 645.3331729839537 9.320920261630302
-68.91432342367992 644.8418317421917 14.34683541486013
-68.76303262535832 645.9994163874242 16.57988685258183
-84.71370119626226 657.2853275696341 11.53332735608286
-86.21545498012223 657.635246493257 13.75174248766605
-83.51176905368202 657.9606940568387 13.3870725840249
-89.44150345640813 638.0484031609967 2.120159534223273
-87.59068682360646 638.9457834162567 0.3919247959784956
-70.56198230043049 650.5952541866227 16.60734872851275
-98.487737140937 646.0588772428106 1.989828306742013
-96.69493862140523 647.7842993258695 3.345514549702163
-73.86911209963263 648.9508816229464 2.258955785748892
-75.97576867513926 649.1914188419317 3.416393885186086
-73.15195573393781 648.5413899398217 3.925143092411027
-95.53643692455135 649.1089509821403 2.328231073962126
-72.49109674877469 652.6184393573551 15.05460231480433
-73.82241193653856 654.4384026727596 16.47147024099795
-72.05552898661684 652.9312603933425 17.28277929640444
-74.47825195827619 654.355625047107 14.26707285841176
-73.31076248077994 652.620462261777 12.61215326369288
-71.09989157338015 647.1039135601493 7.88013567485695
-76.52664396600937 653.4900488598445 8.579013099041125
-76.03831432685054 652.0428515650165 6.590430265765042
-78.14593512166959 653.3885720697938 5.710778344156033
-79.57395873351513 661.7145285628205 5.069657802836707
-80.50649741546385 663.5718800976679 5.788270577910245
-80.50457847562754 660.1311825781602 5.865268981480832
-88.55162846807849 656.4238289748737 5.802641554282321
-81.00418425813525 657.5926988370143 12.5734571736964
-77.99254720188522 657.2066675907522 12.71315059003602
-84.6616873340777 657.7343045136392 15.70172863183927
-85.26745734084015 657.558396251551 17.72148701162948
-75.74563933379795 654.6033477108994 11.78082075982557
-74.16160451125877 652.3658372408406 10.46251999809268
-89.24394241585739 651.5994046559784 2.996047356561562
-88.96785083113602 654.0042166064118 4.757647484101192
-74.2551168230123 650.2787179620609 5.86745090776258
-71.82374785402067 649.0274860758929 8.824865558749707
-72.25807014471448 650.5400732046884 10.85435401989377
-76.64964682844789 651.0968043017515 5.087791764078789
-71.9673047464924 638.9276330653393 7.164478555755423
-70.6055605949725 641.3438214191342 7.203993000441026
-79.87112905246462 650.6999283884946 0
-91.53314710533729 649.8588927356634 4.331170989755089
-80.57648380056644 662.1644591111552 1.683008267721328
-85.64409176212803 637.7554528075408 0.7524181217202245
-91.24286785128234 637.4493504487484 4.269341749463321
-92.81660299675882 638.9288165287893 3.700332961153245
-72.36419526048894 639.0298200037837 2.085487900156004
-72.08460540711745 649.1900640884525 1.742944847029235
-90.58680043255605 648.9112435472468 2.588469874563844
-97.48337566096538 641.6753132249937 3.548381949715095
-98.50682218442262 642.4106764680826 1.681746353508869
-97.5708637043237 640.7189016647072 1.558478484032675
-69.63549532906923 642.846641756896 9.394567529615603
-85.25665890398292 633.7816260440819 4.985481182801815
-83.56459648217242 634.8497162279273 3.297097470320624
-83.5587672285783 636.4539627730637 1.49105390173792
-85.59934643757383 651.8574956384671 0
-98.67218971447755 643.6857369811378 3.456430815041043
-85.49067926081818 640.4796571536548 0
-93.46069073818464 648.9115136415242 2.355036564375953
-76.6735472721509 640.6119078888812 1.362527016791616
-75.85799800740003 655.9905448415346 18.02201895632429
-75.50020835637908 655.6013532234414 21.47197191239068
-83.35352216437616 639.1425222077526 0
-83.18969510532713 657.4370828334688 23.16987975396303
-73.95002237583671 640.0385003853935 1.6690096986742
-80.43794996357678 659.9041728059651 0.8728542609979232
-79.38194666525581 660.4367363990716 3.170223799260955
-82.21687111591578 661.2998389495637 0
-87.7578563666416 659.3579793993555 2.270948050975066
-75.81675854509963 655.8699488754999 14.75666098846454
-90.52195690857343 641.6408811625799 1.036791118538565
-87.91808395718337 641.5935514559176 0
-89.46247201377528 639.7121582471323 0.9195468781603426
-88.76728722393041 643.7860590176599 0
-92.94527310158217 640.8278246956387 1.48087269857423
-68.01384412451128 644.8907869747345 1.803857312863886
-69.55467376009561 647.1271617609198 2.284492772407019
-91.23475250312217 639.1369555790475 2.305341168366949
-81.42593133748331 653.3745825534365 0
-96.64957643891032 640.916562219803 7.372547311631468
-81.81590623746999 657.3428848507052 21.57970182106248
-81.9197792539748 637.2893138025903 1.074355827608982
-84.00466372330517 662.5696362155894 0
-89.89025233305965 651.6160572605255 5.146085636612032
-84.04837068693061 657.5940025192291 20.10424287812392
-82.10910332761884 657.7121225357233 14.84934217413114
-79.90167325158069 657.4488634421198 14.56011842205622
-80.72333263774067 657.4502152384314 16.62466714418057
-78.10349066889299 656.9971440258986 15.88703240473811
-78.57350708682591 656.8323363909831 18.45132249292932
-81.3653861298573 657.4026601082978 19.22227884173273
-72.37344892878983 648.6723734325683 6.174043030938703
-73.1780016332015 650.5163502482944 8.314993554924046
-83.07817350031544 657.7028488781243 17.50435339183113
-78.57248498325605 654.8841994414511 3.138124435781203
-78.06783667560008 651.8870802505021 3.253722946013377
-84.70413618295163 667.4087379835721 3.284260634601102
-85.3252295504262 665.6920050000577 2.366838125720494
-86.17396321220475 665.9601545469727 4.163539952599996
-77.54825332610105 642.6626524445364 0.294933369579668
-76.29665311893382 642.2718534466935 1.144730846098763
-71.28648177729156 648.2048581485838 3.622503474488099
-70.88498644609959 646.8959937246577 5.04273936030682
-79.00914168465434 657.3589992313593 4.665559553800447
-82.79297318900309 657.1358017254357 10.97841429401564
-84.77541383452554 656.4709245562827 9.48143142404443
-86.98678106392964 656.9548068310529 11.61463698379371
-91.80071359645406 632.9823277868264 7.655265817802356
-79.7703078413568 662.8126085121274 3.706785554877984
-69.29517540238552 648.3000578241345 16.02156486164156
-70.93923781448561 652.1641481647562 18.84397268253466
-88.42624154729432 656.6592080241959 3.436069613319097
-80.94086055592835 639.2046206411834 0
-80.53640945556465 665.5148130127334 4.676308322140636
-97.64347808537275 645.8935554313682 4.513217117855739
-78.01133615217736 650.0059694336916 1.363876575257493
-87.74940421539483 661.8298570346103 3.643449966289845
-86.72440835511827 664.1342094275353 3.075848076481986
-87.96038889172462 659.1659715891299 4.529479062757513
-77.89945700071736 655.723922673277 10.23910575951836
-74.70792927194701 651.6952869533432 8.05453223768105
-76.94277717888062 656.2200501195065 19.70364909745783
-79.14463271995611 653.1724287463329 0.8887608642502256
-88.97573022283481 650.2177605177681 1.081178919884437
-87.46822058473842 633.6999358932482 5.991131995887716
-80.67569170088773 666.0181422860954 7.287718400882801
-79.50757335395173 657.7003519950271 1.582324981779722
-78.49581804135946 655.315251401016 5.269801283002002
-86.96603831984436 663.9234663937413 5.539473174048306
-87.09634148360352 661.5290759864341 5.736872011169834
-85.25073722753413 662.7255279124498 6.809375249665985
-69.37885831044395 645.79417259765 12.02345685941734
-87.28134316589635 655.878954952369 9.746310006631042
-85.24654540464033 668.6998318610961 9.531000504557433
-83.12590430327441 668.3101762726001 9.629246449654008
-77.48351823055964 644.7862313663651 0.1463738616744764
-87.17518454631998 658.1814957144178 5.68193648945831
-89.52006734689435 647.7110675797113 0.8996397505741782
-79.48303589767393 655.6429715954574 1.14302412863112
-85.9499150720403 663.6033540933581 1.097238948223375
-84.60181505030684 669.0796159147225 4.995248447137897
-85.74526478235093 667.6451635846626 5.308271162632779
-82.37403220730664 665.8666940278881 8.022882404313384
-81.81573898372847 667.3783294282832 8.724334430836176
-97.87340909011685 643.6832518312714 5.939476266350756
-97.15022170407192 642.3198715482429 5.584485202536062
-82.60586554580797 662.3390655153657 6.801654582157242
-84.11044216325698 660.5584786830259 6.611717534860801
-88.98334024018293 654.6181849013897 6.444991580079253
-86.4605482802082 668.1042639027939 7.154632031509847
-82.10511719556415 664.5490937914144 7.363596778703598
-82.89521670782825 666.3201260157449 1.524123953533791
-84.69938391469661 665.060428299842 0.6212503557551685
-82.44551594493069 659.7531751419879 6.30231473338959
-84.29158581117689 656.3470802165564 7.203657713051733
-85.43500420882664 669.2256770169303 6.545404063748752
-85.67421309912061 670.1651302768244 8.070776479065938
-81.34752701034807 669.8688301887528 8.244018124861553
-86.80250328939229 666.3848566862998 5.762360176877687
-85.42499028225225 671.449339541512 9.524219825298566
-80.72042440495645 668.2508220296656 7.544924757521669
-70.43478927209827 648.5621835140655 1.998878977012488
-82.11261508272642 669.8617365630918 10.24506082702525
-83.05756933382523 670.8378512473161 11.11120826890326
-84.1163631674859 669.8438958104302 10.55302560372348
-84.06114007756841 673.0204761681198 10.13398134044064
-84.4892694227333 670.98960032206 11.12130226278188
2 3 0 399
400
401
402
403
404
405
406
407
408
409
410
411
412
413
414
415
416
417
418
419
420
421
422
423
424
425
426
427
428
429
430
431
432
433
434
435
436
437
438
439
440
441
442
443
444
445
446
447
448
449
450
451
452
453
454
455
456
457
458
459
460
461
462
463
464
465
466
467
468
469
470
471
472
473
474
475
476
477
478
479
480
481
482
483
484
485
486
487
488
489
490
491
492
493
494
495
496
497
498
499
500
501
502
503
504
505
506
507
508
509
510
511
512
513
514
515
516
517
518
519
520
521
522
523
524
525
526
527
528
529
530
531
532
533
534
535
536
537
538
539
540
541
542
543
544
545
546
547
548
549
550
551
552
553
554
555
556
557
558
559
560
561
562
563
564
565
566
567
568
569
570
571
572
573
574
575
576
577
578
579
580
581
582
583
584
585
586
587
588
589
590
591
592
593
594
595
596
597
598
599
600
601
602
603
604
605
606
607
608
609
610
611
612
613
614
615
616
617
618
619
620
621
622
623
624
625
626
627
628
629
630
631
632
633
634
635
636
637
638
639
640
641
642
643
644
645
646
647
648
649
650
651
652
653
654
655
656
657
658
659
660
661
662
663
664
665
666
667
668
669
670
671
672
673
674
675
676
677
678
679
680
681
682
683
684
685
686
687
688
689
690
691
692
693
694
695
696
697
698
699
700
701
702
703
704
705
706
707
708
709
710
711
712
713
714
715
716
717
718
719
720
721
722
723
724
725
726
727
728
729
730
731
732
733
734
735
736
737
738
739
740
741
742
743
744
745
746
747
748
749
750
751
752
753
754
755
756
757
758
759
760
761
762
763
764
765
766
767
768
769
770
771
772
773
774
775
776
777
778
779
780
781
782
783
784
785
786
787
788
789
790
791
792
793
794
795
796
797
798
-96.90723529505905 636.2330528733668 19.03705550058702
-96.12625534235869 635.0331831742143 17.37446403363131
-79.95900035161907 638.8488660201087 34.7931920150667
-82.3470763287811 639.1268432834862 36.13635742826329
-80.92424154043469 640.4091141310162 36.95216830912739
-77.33075479152252 635.1613279754372 31.56758304735428
-79.59436500826713 633.7712541855402 30.19259845786153
-79.68419404000855 636.1385626094213 32.75691094529422
-72.9578230146096 634.9719448960388 25.63814154486098
-72.39043915881085 634.3923623579852 23.15396551607694
-73.60962101143475 632.8728715719288 23.89418057276538
-72.98837300901238 632.9654244139684 20.56040855992575
-71.69332873578901 651.2043277320652 26.51950527329165
-73.78372925488922 652.7308927836049 27.38992223621082
-72.51518869090691 652.9683942386137 24.96454373311594
-72.92122029532212 650.7351707024898 29.53572001079959
-86.21614548445004 654.768883229512 28.74341706495865
-85.03639244470503 653.3116273212532 30.78813015735944
-87.50218549282376 653.2702995206303 30.08203677304413
-90.88556947370043 631.95434912027 16.74516895819781
-89.49971147601254 630.2866541058163 18.20289485277408
-88.77802279474551 630.9777686547295 16.4594101021696
-98.65271488480138 637.3842814692305 13.58491992402107
-99.07192602104168 640.2149383323126 13.50908071593041
-98.92331113107362 639.030461817674 16.1927756878698
-91.2370103513658 631.1201228798684 19.38332569438298
-97.27568165809714 635.2010245061355 13.09688530219146
-95.55208688326675 647.9115907343171 36.18716058571844
-97.22508724379438 647.5560461394688 37.15879033442042
-98.09555064571931 648.1316984833022 34.7646300485649
-69.24538782224745 639.955070192098 23.48835459363461
-70.01470728807804 638.0654737520899 21.95592937327351
-70.46934666532668 638.6370717810358 24.70030881831754
-86.97824230264678 631.7599769409394 27.09805039223318
-89.55236430205684 632.3694220201596 27.73177092432125
-87.96485389992209 633.3846439477281 29.57532887721636
-92.3684088419229 655.0605149410197 15.05564474040124
-92.47940481910686 655.4288143076744 17.51086541483467
-93.92224659960402 654.0381604505187 16.6672861601224
-88.81023008984367 631.201198460557 25.6645107571518
-81.46899726948828 634.7878523721927 31.6418810957625
-97.92136991965351 642.4067978385301 11.81542156739145
-97.77571128624297 645.2830249188044 10.60909036934267
-98.29637336417989 644.9524530924664 13.95435394066271
-99.02588469125156 647.4859474157371 37.326574554371
-74.32406363706913 633.1398096108234 26.26359631759986
-71.03132656045892 638.9423915117701 29.31975844656095
-72.42933429626083 637.4655498193916 28.78157766065286
-71.99101757010968 638.1775472347277 31.67686547475025
-97.61166665784634 638.3527517450502 21.14058429805825
-98.05443137593441 639.9658837061227 23.63694422044662
-97.20718285908751 648.1003804094146 31.91230888007641
-99.59357487385824 646.150910862734 32.92593711365652
-98.05358083262 646.640895274491 29.61629987697739
-95.6016983622421 648.7116230736357 29.61865467695138
-82.23044926642044 636.7949721686707 33.6393250910705
-100.4621902059376 645.5725154583492 34.8031068818736
-99.86063579551704 643.7836670319887 33.57853433621506
-91.61701648206613 632.7610778925483 25.35705236114445
-93.39859915250847 632.4399241305052 22.88150359609681
-94.20994843279016 634.3368483590261 24.88816627667489
-93.45556153550027 634.4366468527011 27.24911229066924
-71.27442164627516 647.9506476209917 36.07009077032021
-70.77901142200238 648.6017976799494 34.23308765876472
-69.05036377518822 648.0931022445278 35.01570398708689
-69.56990578874264 647.8847153053057 32.53328933243506
-67.87302345638665 647.0410728605631 34.11095703675569
-86.77755850767846 656.1076037707293 26.56046182259711
-88.56567739521432 654.436822508407 27.84839994750998
-89.01736189416684 655.7562543870049 25.75556191694898
-90.90643256477495 654.1931672044323 26.83569083165531
-74.62137699401144 643.2735323958708 36.03817692802356
-75.29862911149283 645.0490744176843 35.99570731902693
-73.04519694065885 644.7669710243024 37.27742986127066
-83.65124663782299 634.4631168603111 31.50772171056499
-82.17844108000274 632.9186123607502 29.65888376973832
-85.81182706803342 634.2225036687346 31.08827085184353
-84.8354163074887 632.4853438296815 28.92043554173784
-100.9005949827641 644.2910031273109 35.78464861116546
-77.0573725166643 651.0662442207486 31.57118467049425
-77.81070505407192 649.6025677835344 33.92367121123297
-79.91643244186788 651.4778494445686 32.44599063325184
-94.4641986238753 650.8449767735856 29.16874231187881
-92.60512021598652 652.6126896059847 28.05487122822923
-91.93145758770359 651.1371001444021 30.48858811265019
-67.56137051747768 643.6021483515889 39.27986091907601
-68.98728986450618 645.2918515250667 39.32758372624902
-67.42521757633308 645.2848688911748 40.1689802695863
-82.69560735115009 641.0176497043934 41.86917728286539
-82.61658509694367 640.1596614906457 39.82323572950046
-68.76666446397437 641.3604371983505 30.785606624575
-68.24045017913166 641.362608770265 32.63035453030923
-68.55188611928193 643.4735150607889 31.17201727989347
-94.94176038544325 636.6148275791704 26.77418758307049
-95.81048166304707 636.572843754862 24.31753990281116
-95.1313765544255 634.2698078273138 22.30758290736315
-78.20137538627202 643.0035854756413 38.16404081331259
-79.96241083755258 643.301127302449 37.79503481865041
-67.22790808495482 646.7439326464294 39.39417173755219
-90.92038096678787 655.8571328021085 13.0910739172012
-92.78149507137772 653.6397000323069 12.15401432994563
-89.15177104355729 631.3511917084872 23.40137272979207
-91.09242346306195 632.0994815493848 22.28147519985698
-94.7405740481201 652.5459513269335 14.68939731860934
-68.38798154892251 647.1734962369385 38.20633993682141
-95.95642537819327 649.7553246175838 27.05810778365752
-96.99809562714219 648.7644392638448 24.99814646543828
-94.19844871066505 646.3564003060271 36.85989575945973
-95.70169434459351 645.8124201777334 37.80376959606542
-96.66689786468254 647.877331596678 10.79197064751954
-96.32982507580455 649.635233897837 13.1306140650634
-97.52965280995366 647.2196049148401 12.71258465550147
-87.43863146718195 629.3713224711234 19.08928139504511
-87.25649552046782 630.4304641651814 21.94306225611821
-85.40047917606131 629.6134436453799 21.24613869518141
-71.09172221442026 646.3162546282622 37.94058617483274
-95.64531110316248 653.5711669674882 20.59589513914535
-94.29728244647904 654.2682824465198 18.46955850354641
-92.83708036355509 655.1357441029269 20.08564164218165
-70.02060398199013 639.8408754257451 31.65966482300663
-77.02428177034959 643.4976958927481 36.77098635104197
-83.01801344393006 655.1796608600724 29.09917573597384
-80.75234670269231 654.1872402275789 29.37011474940784
-81.9891405681859 653.0520724227517 31.32981158594792
-75.45270459598973 631.4722141232212 19.40323147860639
-74.36600184616796 632.6911258895974 17.79383287351761
-74.74043838828949 631.8920437871334 22.12095704953043
-92.32151186554614 645.649367447734 36.02755499902753
-93.70153451196171 643.9915982759335 36.8845759669446
-90.68230184526932 644.0857075397163 36.42008218984804
-98.28688508851388 648.3354976287644 17.29025172651576
-98.75518464309187 646.2095484455681 18.45971940032068
-98.45141315533093 646.040187734429 16.1436266043935
-76.54042138738923 641.7019205529999 35.08902100927148
-74.20458301811581 641.4861113207623 35.23534281491625
-72.24677678235733 642.2302490393755 36.4936130874535
-75.48828546650773 648.4975159084067 34.60213679015688
-73.93966980762598 646.9508373134013 36.25127607506316
-77.20005231819567 646.9384041452478 35.29585408534208
-73.09536098078115 648.5498005309685 34.41658948786936
-76.59026965665679 632.1635095529493 24.63084064849389
-84.3127439680584 630.9723099990506 25.9366352498928
-81.99461176521692 630.687122474131 25.19849685000224
-83.4126789952599 629.8800103531934 23.10573316591035
-71.50398242895947 636.4065749042888 24.12800903523116
-72.00855917678632 636.9114678345933 26.31968286037993
-91.56904559574771 633.0101108277811 28.11339653830692
-97.61983522616023 646.6979311473538 24.27793706468242
-96.71744027751568 650.3175172976922 15.98459488442957
-98.22038071381083 648.2118761619554 19.75588583866368
-97.50495439362366 648.9768078150673 22.34218316877393
-98.29643664810038 646.3636710393471 21.33935018057003
-91.15938668694861 653.9965032048685 10.19385880085062
-97.47171302268009 650.7155837042288 19.33099998894372
-96.98639844451021 651.3066622599977 22.15743304126455
-95.64069090938844 652.9722996032368 23.46836174618535
-93.51053533400395 654.6585478659981 22.93701814289618
-98.83746709812556 641.1931741017021 32.78018518398656
-97.87429671896882 640.4195661855982 34.8351006902423
-96.95979917958212 639.6023266671126 32.49515365210843
-98.70552983178214 639.2810162228066 11.56063385727729
-98.77161492644146 642.0066506130096 14.92821259598482
-78.80094558398977 652.6260862669599 30.41158317846952
-85.22287349821143 636.4102564307336 33.17808484262991
-84.03084996287778 638.8102109033792 35.25649054058647
-88.64648986456362 650.1250581198746 33.43640447596751
-90.14468814601469 648.4541132854068 34.79587789871885
-91.17692461522962 649.9485021027062 32.5736143638775
-82.84994523380274 631.6402269868423 27.2720531240191
-91.89887671729967 635.4965176555285 31.53606449644028
-92.91135910615048 638.1978085394591 33.35394237319223
-90.18361285278729 637.4919922437817 33.44047392325864
-77.20707335346692 637.7362992370504 33.66769297505788
-69.31177112093019 645.1725461439182 29.48871055343058
-69.50373698911903 642.9550332041944 29.15467560650663
-85.03560421532228 629.1035533139284 18.85654343326866
-83.27171493943955 628.7559384766761 17.47706674233037
-86.35417371694544 630.0492804475822 16.25830847740997
-69.40335158321861 647.6479924434814 36.88995896372367
-72.01878356931036 649.2486343997889 32.43625309279673
-71.02143788823439 648.3080997789547 29.90586707630384
-83.76808335152575 630.3903024670965 14.52537148403926
-86.47199966080487 631.447048042957 13.93655393509827
-87.91845344746775 637.0460541828893 33.52606384434593
-89.30180447535274 635.2311379087504 31.71144540465927
-68.97288143279957 643.2300266651006 38.46313984497479
-98.92391701561311 644.7565304969991 23.22142480493962
-99.212179044042 644.5157372857175 20.23582706736562
-99.05035623121202 641.0263987310036 17.810807034885
-95.57619034202718 652.663875389675 17.53496949045741
-68.62115613888142 645.0688064940589 23.91422602464078
-69.1223284240653 646.4357450624486 21.92851446371365
-67.97940221519964 644.3209934953852 21.91655338088414
-67.61772645457522 640.8692525765894 23.76995559796275
-67.69580282994168 642.2072075665121 21.75550314106698
-68.77845609173333 640.0123234641317 20.63477520313602
-71.09617906792106 635.4288755365402 21.40942381468168
-94.48935177338325 633.2623846868164 14.8409409517703
-92.92564484446841 632.4043177954425 13.09307196914298
-96.90129138024614 638.1702346399859 23.54190408444998
-96.50471852836672 636.164320370037 21.54261554395292
-70.93704374274824 651.579036235972 24.0853676882344
-69.82766273096271 649.2658100610706 22.25392663603893
-70.44750794160572 649.1823696574651 25.2962041341885
-70.03282831859383 636.8158134823875 19.64793825904677
-69.07304222208222 638.444794012854 17.62173533638935
-68.17003468014482 641.0797863116811 17.28564424675896
-67.95832434201601 639.892104872616 14.85546058621602
-69.308722866068 637.1431006662641 15.3451319580348
-69.73755059079386 646.8124816983395 24.52357437523762
-69.10232509708101 647.8516363006704 20.33463374344281
-69.46467383185781 635.673892162004 12.41025092908372
-68.23393790335051 638.0486717285861 13.17451200101108
-69.02368786455722 637.96316301824 10.37827113331886
-76.06966823969077 652.3990319366927 29.15041967528481
-67.45471178624467 643.6451559078354 33.51203640189411
-68.05432295278945 645.6651187682835 32.16036097386437
-95.19369165999392 639.4988882330272 35.05936985850617
-93.08753659517362 640.3750010655845 34.62833200104455
-90.55454381086743 633.9204146219213 29.6605129769856
-70.9240372658702 634.9040548518227 14.76893573185092
-70.90782511938541 635.6598983863238 17.40094006843741
-70.85864364848757 633.7395250355573 12.49143045561624
-70.65700980026921 634.7101937227944 9.593886054489483
-89.99227499744369 656.398832738195 19.02140481546556
-88.10221641166694 656.6547603596532 21.4589624106228
-90.86659289521302 655.8419818305644 21.65200606311754
-67.00994722496972 645.4071624809983 34.40229278846059
-73.64232193746636 633.219762357845 11.60154080037595
-74.6472703565087 632.2360537244751 13.11674383689335
-72.97062542482668 633.1786553036511 14.07939529440376
-86.42369426768877 631.2211261679195 9.825273505579844
-89.40617327256166 631.7308610785537 10.42339042032344
-84.24938106018367 630.9054735718987 8.873074682772367
-99.63005472925593 642.4158427855607 21.78039034395028
-99.64414064477614 640.8572190855855 23.63780464501613
-96.26216287302734 647.3270947180761 8.514003565950578
-95.14065765050169 649.8626330862123 9.685807658857305
-94.76452665187779 649.2989510774501 7.134451485402256
-93.92056756285425 650.5844218931232 8.128333263288052
-84.02233756942059 640.6133956085672 38.74341666658461
-83.2131400390812 639.6444148155206 37.57387841586671
-91.51677061359584 632.3729456646704 11.13086265228272
-80.74151221097041 630.0762699641044 22.69149872588725
-82.69387634255614 629.361496520368 20.28025200487837
-84.41093627528238 640.1300127526849 36.90428840506852
-92.79223800389423 652.1010757871936 9.308810797566196
-71.33888560296892 649.2129856472727 27.66654317266686
-67.29768696105734 643.3260298684775 24.19872250996483
-68.33112447572452 642.8493008549416 19.5300145573442
-76.53000052358516 632.0845771065541 27.01916685803209
-74.95042328907492 633.2688671395348 28.28097639942643
-73.75691976469902 636.351633992401 30.88328623401338
-74.04771772725326 637.9363221822207 33.35006736645434
-82.12197444910376 631.1669203185591 9.012786928875638
-94.68471715746037 641.844947982475 36.12963210487387
-92.54195179065677 642.3579922423289 35.48294209142531
-73.67324329172325 635.1496728190862 28.18526518811959
-96.79046782603922 641.3031429200333 36.74444868644311
-96.67570884085238 643.6060603403261 37.96188357910916
-75.7540479009442 632.1269184870627 11.74126019651774
-77.81237631723633 631.6676081123807 10.64463468207218
-94.40543209185324 651.7891761874483 11.66331781517816
-69.42819595231161 636.3733856229558 13.93292012753864
-80.53533159938702 631.8850226518354 27.38963961972053
-88.41337155814456 643.031570832326 36.98117462909919
-88.48732936286804 645.3455631866623 36.88489166836268
-77.02677491276809 633.5498350838443 29.21518009367612
-75.18996046233352 634.7168204926197 30.38594891502186
-75.43129115840163 636.2243919084807 32.41481350468392
-80.02417004390119 631.4679718067046 9.811208539117674
-98.87433099542748 643.5600759195925 17.18909009470363
-82.69708629283018 651.3887810726799 33.49139999255851
-97.82264262919739 647.8712958764348 14.76786942008487
-84.51103758189244 651.9824193746185 32.38973237717417
-90.16995445948181 652.794910425392 29.2023612985686
-89.47230942087265 651.5431089604995 31.34325342262869
-94.96454632169309 651.9617738418065 26.3760666363727
-96.52433721163493 650.7497256384361 24.47746079340889
-93.38389614525545 653.9681359735238 25.58500716650538
-98.91176532881528 642.2923845633468 19.62467074134209
-99.8916554788006 643.4379066918568 24.40175167278773
-94.31120550020383 632.9718500447552 20.1016538836327
-92.69356798960823 631.9773005012836 20.49549748970079
-99.73458667096 647.084942001046 35.29512843070501
-70.93195347627825 643.9465770152875 38.00806967324164
-69.72814372445345 640.7852019967221 28.74963371678511
-75.34299203685936 639.5522156032252 33.93307936717775
-87.1944823907763 651.6084513450321 32.14768271111851
-73.06662747698559 639.9261460701028 34.87032628628539
-95.66545259131954 638.4358557098699 28.67598931810868
-97.73502834196313 640.2050930807809 29.80954116803827
-95.61583273779702 638.4328873995111 30.6951506508859
-99.79883431042796 642.0467374420496 34.95159475136656
-100.646770913031 642.8045693797377 37.12509572947209
-101.3393067688419 643.428113180641 39.1388245803239
-98.90669965562519 642.6981725011733 38.42955957913636
-85.14967873932859 644.6677470513555 38.3262334233237
-87.23280903697533 644.8244899290524 38.61949031444246
-85.92834280654806 645.4021132329676 37.20712138755985
-98.70583336908111 643.5844829171393 31.11624763364401
-97.65856503200051 643.214272926513 28.88977967588503
-71.09160905307753 638.9791974659515 33.86899361081715
-69.38472676373384 640.4267182260245 34.19918755254996
-65.98901759880145 644.3760936035712 40.38741982381575
-63.65421237948173 645.4137476359169 41.90926982023163
-64.66978001466791 644.9012693230893 39.42337820867076
-85.63176375183957 650.288754856917 33.99253107296207
-87.6034881531678 648.9684901111755 34.95442273587059
-85.50478860827488 648.2772149804556 35.4769212316394
-80.35817108258261 655.4323763779038 27.41363523322121
-83.46268942730035 649.8143867722758 35.04889862761865
-90.25864148339549 656.6996147390412 15.79063967398782
-65.84024681020199 643.4923126877439 37.9815231635119
-87.96019305145801 631.6734710308888 15.07973565688375
-67.2669144766713 647.0844171700842 36.15117136452386
-66.3090406999367 646.787835501735 37.81138505796151
-78.24339147990034 654.0860944696146 28.06243790805173
-99.09693292053454 641.4840327921258 36.50381221137631
-67.41297010311355 642.1481753839787 37.13834632806767
-66.51604330574131 643.4460553537762 35.52592096793673
-67.61376510374005 641.9337878146048 34.81183347931851
-91.06116913968243 639.9707157395599 34.27147132052194
-89.79509378600363 641.7600960897739 35.26568323034467
-76.37136292074153 631.8865327757801 16.79807626753871
-77.64444019684757 630.2880135163384 18.65350985729726
-76.82769786586603 631.4931586230292 21.17422094011628
-77.87597314231624 639.9529685177069 34.71972512436668
-90.2432923009457 646.2959327156581 35.42669890180573
-74.92473933125549 649.6411511723372 32.33491465500937
-88.63704865244679 639.5089212461789 34.58591861622084
-92.69232212437802 647.6922620251925 35.7167256767371
-76.34123462288785 654.2449572494679 26.74395256127494
-91.16427781349147 655.3911184509624 24.78707414572688
-87.24604728126184 656.5788786660389 24.20722764895102
-89.24874633980406 656.0705462795164 23.65710350968199
-94.12829515745442 649.5052833742471 31.73370897644794
-71.22590562561567 640.4162067525037 35.93802788142136
-75.85174725717536 632.8079243708225 9.972299543108996
-79.72745205313186 645.9112058934421 36.49521915075216
-79.8257063330343 648.1795135108043 35.44059508634383
-78.40568043135075 631.3376222748838 25.93044015175305
-78.61404737168803 631.2163402414895 22.99099333748365
-93.99768792534752 636.3781570234062 29.38893027377268
-78.63123707909874 632.4008425993155 28.00961750187956
-75.3197640626767 651.0874839451494 30.54049023975758
-100.3276835624566 646.8054122597388 39.21706075090988
-97.82235900480445 645.916821062229 38.91760859132442
-99.51294644969127 644.5256306915991 39.69796288691207
-92.75935863712296 634.4015817625437 29.4586040248106
-80.33734309151842 629.3283561147493 18.43499520868603
-81.60032148522697 630.0243394382899 16.00099499663548
-102.8685806496536 645.3227257066019 41.59140018877285
-95.27340009512486 648.6769693411812 34.04181963988206
-79.17561042685045 631.3651339855732 15.93316950401404
-81.32807335623419 631.2321045592309 14.10090196716824
-86.30485096902497 638.7938347049794 34.77775475881961
-87.24974512299119 635.2123651405643 31.87962159615201
-78.6889384007854 630.3884070969647 20.24923845557799
-80.02611280476805 630.7429488545914 24.92913383084573
-81.27572717660226 640.8282051884571 40.23508841952081
-81.66365666862688 640.8889294868615 41.9556770156038
-85.26743239616735 640.3346856356579 36.06473865407539
-89.11490179300645 630.824207925187 20.60572770650406
-81.60484281896187 640.1710145606593 38.33890328884382
-95.17180818164839 638.0948188252625 32.60556371710079
-94.03773308671143 637.1159329759744 31.49741257497328
-66.10747243679339 645.1975368370533 36.33915216449252
-65.39326396101126 645.1951531744544 37.8663262039096
-69.08193193797493 640.7221620617904 36.26301583803408
-86.48778980987132 630.4429814541979 24.15211879375038
-80.71159192377411 650.2105361032172 34.34832199104394
-81.68700259595704 649.0372477081255 35.91438295920912
-84.87878134353839 656.1917450491541 27.53956647778191
-101.9423412206279 644.7772049407046 37.99531220134712
-100.9891998826904 646.6122715630106 37.10888418106568
-102.0019837303683 646.3364495020901 39.02604307017
-87.5006601651143 646.8602490627379 35.86060642055529
-80.57969749825327 629.4949776488615 20.32528140372025
-92.90087666371369 632.4905057414089 17.88737404136608
-77.73279740249679 645.3467776955022 36.81703921277916
-79.67570598335608 644.8780442402226 38.06305999644088
-69.31322483598964 647.1364431056369 30.11293525437521
-77.67580882076324 644.7269466190248 38.42088183373085
-86.36554364315968 642.2895443392017 37.19914796080486
-86.78009446420771 643.1696632294027 38.63883614438728
-84.88378350553867 646.2115829047289 36.96986666364079
-83.21310547189191 645.8569522580954 37.67844905019315
-81.6191441421411 645.6301997394103 37.13088482522071
-81.14055798388475 647.5378053508099 37.09863516786039
-83.54896956062002 647.9652084916736 36.87525525185296
-92.8497507874101 648.786657462403 33.77290381440881
-70.04776827898012 642.0127084678893 37.32728951257755
-85.03142315082823 643.2883057394556 37.98965141416268
-78.40619128809105 644.0118469865278 40.35699682939438
-66.04218593785193 645.6736911685387 40.8152980990352
-65.13964027504275 646.3576016440381 39.54622122636482
-85.92735682912399 644.0451378950949 40.67887473585402
-72.01859483230082 633.3517006601503 10.48047697411441
2 4 0 2
799
800
-68.62110798192249 642.5268877080049 26.58426106424497
-69.47856558050223 643.4776744717004 26.77212536925348
2 5 0 7
801
802
803
804
805
806
807
-72.7722195020921 644.8501795567922 0
-69.84068373851615 644.1909286031852 0
-71.81483703028078 647.4661685636631 0
-71.47596959477883 642.4024493195284 0
-70.14589110115631 646.3079913260965 0
-73.48265203610215 646.8808764753517 0
-71.66448936379767 640.3799150157702 0
2 6 0 0
2 7 0 0
2 8 0 4
808
809
810
811
-82.0785419759232 642.9252365374193 40.38424815722556
-83.55820608488555 642.7855043033765 38.24079951763461
-80.9833726115036 642.6492360212419 37.37788889051407
-81.91619249081455 643.1364436872516 38.66806610544888
2 9 0 3
812
813
814
-78.22691871983514 631.3420685153937 12.79278080375512
-80.88728037595592 630.7971622326922 11.96169287385514
-83.50613434452569 630.4875177160588 11.27875186642314
2 10 0 0
2 11 0 0
2 12 0 2
815
816
-98.30003618535912 642.7829794842218 26.65278153397141
-97.91761408215697 641.1211041461654 26.58389223676534
2 13 0 0
2 14 0 6
817
818
819
820
821
822
-94.28855696150703 643.3769083004568 0
-94.96228966961462 647.7269242311665 0
-96.88716524930697 643.9897039816493 0
-95.62196886549324 641.302918790245 0
-96.67822250912108 646.4471309590841 0
-94.14723677421151 645.6196380146695 0
3 1 0 338
823
824
825
826
827
828
829
830
831
832
833
834
835
836
837
838
839
840
841
842
843
844
845
846
847
848
849
850
851
852
853
854
855
856
857
858
859
860
861
862
863
864
865
866
867
868
869
870
871
872
873
874
875
876
877
878
879
880
881
882
883
884
885
886
887
888
889
890
891
892
893
894
895
896
897
898
899
900
901
902
903
904
905
906
907
908
909
910
911
912
913
914
915
916
917
918
919
920
921
922
923
924
925
926
927
928
929
930
931
932
933
934
935
936
937
938
939
940
941
942
943
944
945
946
947
948
949
950
951
952
953
954
955
956
957
958
959
960
961
962
963
964
965
966
967
968
969
970
971
972
973
974
975
976
977
978
979
980
981
982
983
984
985
986
987
988
989
990
991
992
993
994
995
996
997
998
999
1000
1001
1002
1003
1004
1005
1006
1007
1008
1009
1010
1011
1012
1013
1014
1015
1016
1017
1018
1019
1020
1021
1022
1023
1024
1025
1026
1027
1028
1029
1030
1031
1032
1033
1034
1035
1036
1037
1038
1039
1040
1041
1042
1043
1044
1045
1046
1047
1048
1049
1050
1051
1052
1053
1054
1055
1056
1057
1058
1059
1060
1061
1062
1063
1064
1065
1066
1067
1068
1069
1070
1071
1072
1073
1074
1075
1076
1077
1078
1079
1080
1081
1082
1083
1084
1085
1086
1087
1088
1089
1090
1091
1092
1093
1094
1095
1096
1097
1098
1099
1100
1101
1102
1103
1104
1105
1106
1107
1108
1109
1110
1111
1112
1113
1114
1115
1116
1117
1118
1119
1120
1121
1122
1123
1124
1125
1126
1127
1128
1129
1130
1131
1132
1133
1134
1135
1136
1137
1138
1139
1140
1141
1142
1143
1144
1145
1146
1147
1148
1149
1150
1151
1152
1153
1154
1155
1156
1157
1158
1159
1160
-83.34739632507815 644.2348482840401 17.02352233453127
-85.45582845094864 643.8831480667047 26.50749596169412
-80.52032781214717 643.143213440021 8.658485761565473
-88.59336269182741 644.5400608463262 10.47928353008387
-78.89444151613684 640.180466411482 22.84600725233251
-90.77206200869502 642.6485091604483 20.00402039711328
-79.70881937149746 648.1012238393514 22.95868910047074
-87.21718480415777 649.1586120298721 21.40400254190071
-85.43575605640977 637.323307229494 19.42443626508398
-83.44006606739762 650.7400079506982 14.08374456582342
-75.95793142634156 644.2503814269737 16.55233400657594
-85.23386811706241 638.3597367749317 10.77261476061583
-83.6169749614693 649.2712157014944 7.228180284659405
-79.75179223409741 638.6165462083104 15.04786797682376
-78.71675831295464 644.1175772475798 28.76492621106075
-90.57783292220445 639.6300949397134 14.24963831444497
-90.96162135232969 644.1405264438592 29.55339340187856
-88.89623177717326 638.6413291708419 24.77316296254916
-78.91667767726999 648.4815687771008 10.86347657630427
-90.45476957357276 647.7366194790446 15.88769177569973
-78.13949152014911 650.0314119754989 17.25868597711871
-83.18561864230303 637.4186143680296 25.90181511884142
-91.61939047899105 646.5704994906919 24.26754535779548
-75.60406055095694 641.0795465864408 11.44951063713698
-87.26003197261292 641.8929759672315 5.656428721899534
-73.93135970200569 643.1558286204473 22.16945406140305
-84.19861952598959 649.5802398761934 26.38035539426847
-83.26810705480595 646.2252633280631 30.9332093398922
-82.55855834679411 651.9884903978001 20.09759508472968
-75.49646515124975 643.8226006788584 6.799845810586232
-79.95421347665464 637.8612165631172 9.69268010393662
-73.87901022041619 644.4603712827895 31.28185959747978
-80.3096023419328 635.6060232758246 20.21483958028522
-83.87354638874277 641.8653222029582 21.80155680225224
-83.66473300182919 645.8650063025336 11.97207045015856
-76.16094240587178 647.9598272809158 26.6099390319171
-75.64509170997746 639.2025449613797 18.58186467814511
-87.46577978412567 640.3980670428605 29.67876290831855
-90.598561733761 637.4540586932 20.00819738228233
-87.66913487669417 649.8808926104715 10.78953248414337
-92.13331876201676 643.351587063886 6.933121437989278
-74.27430396149288 647.8193978767594 19.92114635660916
-78.5253205851203 638.8758959847936 27.97425099647515
-87.62440037701825 652.0352889781211 17.00993003695199
-93.07439853639956 644.9435201325581 12.66775349226468
-93.48229648838205 646.7789846670174 19.68566071687755
-80.85891756482962 646.0737874551413 4.752573754414263
-89.84671117114 639.5979866202726 9.307810048999585
-82.44096082079155 641.1061253112565 30.76020751337683
-82.58169678573483 640.045132854049 5.249765486057931
-85.7581729421656 640.2010462888015 15.37130150942777
-88.72140498404413 648.4020981969365 27.71189159936995
-87.79716475876933 646.8133345997945 6.129508742564338
-79.7407876193748 643.3103294943701 13.52752590869753
-79.44650577724745 644.166975253061 20.01853262552287
-94.26135005703841 641.6264685785992 16.75023738716024
-82.68958927330817 652.9202064572538 4.469899505643816
-82.7457832733013 635.1847036627863 16.21572398840737
-75.27937889933854 641.9041449547051 26.47780709361838
-74.91277188535831 645.9018950501937 12.04974083177036
-91.45710607345018 650.7895360300938 19.08486228712699
-75.98071682678378 650.7410081196366 22.99044049422966
-92.47050864008426 641.8402259242706 24.42987609470539
-80.88420127535795 643.953015130114 24.667895990993
-87.44818643812251 644.6853593889451 22.44204909398542
-87.55454892807035 636.1556981184807 14.08838556167331
-87.40877861440923 644.4531500566968 14.90751056333771
-83.51469868491766 646.5077692346341 20.987678826975
-87.41235836557807 644.0404418219273 32.25812093440323
-77.70964569131888 640.150605466498 6.845849033229658
-86.29715690246861 635.0333615735804 23.38758838938767
-76.30472700769243 636.4986677102412 22.18154542936134
-88.27549463552114 651.7528536165773 24.58258086970101
-79.41909911340393 652.9331142584831 13.95140104880341
-94.40136727476198 644.7151541127233 32.25268287522383
-80.33085807875531 648.2663514178209 28.22931320127988
-93.53567853907609 638.3637485228771 11.29516427986396
-85.88637844890449 647.9159946093224 17.30961904588336
-75.44038655310092 637.7398622268041 14.38483452243784
-79.40789916527017 635.4648053870033 25.0348858553275
-91.31242064482031 647.7960517187299 10.03060261808649
-84.84620402450894 642.5110848993899 9.306678144432578
-80.8402354054756 647.3042086421716 15.06771109497379
-81.1218003896103 639.779616490434 19.06825843973041
-94.92310831990832 642.974631715306 21.08322175366553
-91.5974810608277 639.9985121111957 28.29996578083266
-72.46754286152573 642.175279037953 18.16948056040602
-81.63921637789011 651.9399732804065 10.19277519711856
-79.10432823703454 642.5642319145188 3.97794310551277
-75.78003781563453 637.1085496954203 9.94768135444127
-74.5853780297759 648.223537704261 15.65277649571537
-86.02220123532395 652.4076536041534 8.092709336609657
-77.58747073233783 647.4686001695084 7.001681923550947
-84.24223575393115 653.1031021036117 23.90232473653618
-85.95929981392138 638.0698664910249 6.680391222095239
-78.54776764132767 652.5558837238368 20.41626068485039
-86.74539839491938 642.4705654169177 18.77993019216368
-79.76937165549987 652.1204257766333 24.53430249881595
-83.90844083583582 633.3987896202457 19.87593112484445
-84.00297942484306 653.8278053532298 16.79541559899634
-76.28278757895376 641.28018948159 30.37129632628463
-92.12652965019146 650.6390036108239 23.25252324594873
-86.67574495708848 653.1287878807373 13.14094050938889
-83.08807917978329 635.1972536902563 9.162164605042173
-84.78121940881228 656.3851411940444 3.578682173573553
-77.07695217833943 645.1251145501583 23.83816118920757
-88.20593215610658 634.3658756470758 18.72385061478077
-73.74619343093063 643.1277883512859 3.645924148417479
-80.3134614827983 644.0241405308409 32.38948338022946
-77.6561365959258 635.9820282302654 17.22974548089462
-82.58515623341766 640.5226892854411 12.90641642309802
-84.78904659965256 644.8360031502575 3.981491694650528
-85.56491130176654 650.1723077754184 3.81661427939663
-89.51260097300451 646.4837018166476 19.54922226933957
-94.60658899817868 645.4610884089101 16.20416540877278
-86.77418866532096 636.8517556636937 27.7711543928196
-82.61230710237193 646.4596014896238 34.12799369835385
-89.37211642065203 643.7792936739532 25.9471371502814
-70.53682092120111 644.84117747729 34.65091705149268
-72.67808902322574 640.7771698571186 14.31442626246766
-86.63543968494972 653.0327669587202 20.72884584525312
-91.03935482993016 643.8191315383391 16.26463063202392
-82.62391776305985 641.1871344618269 26.84109297746489
-94.23004072140361 644.0661151953665 3.785923589738576
-94.10126542416666 639.0779269354446 19.66609469858199
-82.1768473157847 636.657712824091 12.65563910618276
-90.09574760855152 651.1122011270024 13.74256951773061
-87.60957893279036 641.1408869537256 12.08604693094283
-82.58857011579886 634.0398212102597 23.42404146949999
-82.71710750163939 637.9788945839706 22.10059659655735
-89.7729571797792 644.2795605495563 4.110170512967263
-87.39152002083564 635.1058883277599 10.30213947511196
-86.85992010911306 647.6720044744346 31.02930824147985
-75.70696186348411 637.5923614245976 25.77162566457876
-82.65503857284949 654.4475147431443 13.39306521310735
-87.78227214905264 639.7376420808984 21.26754172751323
-72.36932335316439 645.1728491301418 15.83100811055991
-73.67111101203473 639.3108983387984 21.90076116266458
-81.44713452198755 648.6541803199051 18.59282912634591
-93.11798889385742 637.8277235416699 16.29589369187504
-73.64959607632058 647.7750110140686 23.71022588245836
-76.50982290565464 650.4887246350174 13.15507758995715
-93.47089156574376 641.3623883140685 31.12852272322446
-92.61885830208875 641.9327626850643 10.4128016049123
-83.28170939224506 645.5168275402232 7.611739054154879
-92.41254593072605 647.3315401451684 27.95850103278595
-78.81176805020193 641.7946403792624 16.86064987756563
-80.27392026517175 650.8045187256236 6.578244177341087
-72.56388959143935 637.8411688775657 11.87374578483313
-81.7924942357768 637.7136835938954 29.35000149366221
-88.75881485908172 639.5712311440933 17.52439838747559
-83.46496021312116 661.009634422794 3.228590144938862
-85.69244154871272 640.5671310501239 24.79821030294706
-86.39634973424492 647.8036164023874 13.61535155367597
-80.02816684933727 647.6088886557907 31.8399461806518
-95.54220031284181 639.4561648516319 14.12639262268726
-80.36124489038033 653.7620715026003 17.42890810679918
-78.36975596122551 635.9455166484689 12.63767935424394
-86.77349684552492 647.5361030647078 24.69387997329541
-85.09553915468527 641.5887464999101 32.87731801966784
-90.06674535857707 635.944252933033 26.77585733358504
-73.28615975162876 643.4545152719026 9.769047632149453
-83.0561899143996 649.6313251032104 22.88116194854697
-90.48827460651732 636.3641338970428 11.86209887969634
-91.55537170165722 636.4545783796754 23.43354793100162
-77.49690165700879 644.9459399581173 9.646506275009209
-77.90630898459845 647.4710637202777 19.84872173279289
-83.2311992054784 649.6975144323337 29.87670229588371
-74.07021499687383 645.1472607066157 27.68589335769617
-76.60400914543195 646.9223894515485 30.25313121726592
-84.09066081909178 649.2812458728359 10.82566263803684
-91.43258985366074 646.9102413319055 6.487347807655709
-74.77774858067779 650.8037788237099 18.07575264366497
-73.03383093664806 641.7660990487111 29.2789664080655
-82.40181977179438 645.4271143910973 27.55406546059967
-82.10157420329423 649.2387402301246 3.587378664573043
-86.14150328187273 646.8206339552383 9.278166098956781
-89.29446863517859 649.455429090063 7.77284458818178
-76.32646797012511 642.523139363361 19.62950632571327
-90.44335640803891 640.4324418326912 5.946479531039019
-82.38844436302843 652.5234510585079 26.7891583245802
-71.88008590245431 645.16608390761 20.03932033285902
-77.45171750694688 646.6030277796393 14.39304103902862
-89.93824925372812 646.3952159414839 31.97687628834845
-82.7430821446434 639.7624768088264 8.741406927032388
-75.60656912032822 648.425800128829 9.724921462882957
-79.07267081182387 640.9843659688585 11.00060088707234
-85.6014999800246 639.6459244134277 3.63511907560492
-90.1262676965854 636.0844887517712 16.40854625812579
-84.95268592429392 643.3712665379168 29.90297877787303
-96.82194511728017 644.9446306934714 34.67659813051667
-87.76222040973437 645.2226073206231 28.73524031906474
-71.35562041478443 643.6986547736257 24.33151594774095
-83.45347353922392 646.5671598048185 24.45349948264382
-92.79716827741652 648.697259738332 13.24879704489202
-80.11733723215207 637.6013874272538 6.126290446671852
-76.07230521439604 641.1014357993259 14.87262389011425
-79.26565032864511 639.612069597006 31.38175450222554
-78.66935014733973 641.6522749750005 25.94755855591224
-71.97916062605 642.396140344217 32.99430007130017
-82.90411477404631 638.6026208219913 16.38955003855533
-90.41950267395163 642.8272302934737 13.05398509011267
-74.62858452849612 640.8126874526328 8.110757636130588
-77.38658495217503 645.290571175493 4.563905433906529
-93.58941010327905 648.9817592684304 16.92928968319016
-84.39323846200537 643.2030928473491 13.9575360358353
-84.65665367663317 634.3698145523583 13.44294564880976
-94.63723311070645 645.9253695415621 22.79079086634045
-89.53025956757085 646.8650693894461 12.75183364681097
-93.55560690336149 642.8170011214619 27.6112239787494
-76.90107280759062 653.0107596901238 16.21940068364834
-89.83701157845454 641.7559440145055 31.67235803256848
-94.26254682876966 649.8928561696578 20.74216728285452
-86.87936624444198 651.1794708565623 27.55792441756955
-89.91143476316292 652.5753854750843 21.53794809627426
-72.48929565872926 638.8494526658849 17.19004093142114
-89.40828095852426 642.0416282172237 23.08042768627504
-93.99882372010019 644.8934161772821 9.364465864017228
-85.7403472858439 633.7133057352403 16.54729216210588
-80.44908947018355 645.5175310945543 11.11436982333793
-80.68715855719887 647.5136253070826 8.21548069015414
-91.29410166811338 650.0455460294484 26.40998015910775
-89.46731734753864 637.746378765332 29.50717122765708
-89.15105588898567 636.3928485018369 8.097611918727223
-85.76080459550444 653.7164448094763 5.13784163492319
-83.87719777569484 650.5595073549156 17.37084831248623
-76.96066957978493 644.6273509086262 32.77487563675822
-78.29306609607836 635.0006486692272 9.45998363084189
-79.14690841411631 645.0885560352555 16.85258969160678
-91.72648512044897 640.0179259740972 21.76996764591563
-83.53286665681159 667.2372627952533 6.326719332320065
-78.38912375041588 638.2939139043468 20.18148474541871
-81.62484929420862 655.7995073290219 3.529689489723254
-72.05681205736303 647.8384523033576 17.59668934575278
-84.61393096066131 639.2056430441858 28.55391138359356
-72.33103924024901 643.7127383933356 12.8952491013057
-86.78774629202498 647.2439220037178 3.056320901092563
-77.05001529045812 651.0919972953507 26.08964283099908
-70.89333189808612 642.3916291595275 21.42547084222404
-85.1115525587759 647.1018542630692 28.31829513604293
-83.18174365703821 636.956398515081 5.634556225693606
-76.22537122317405 638.1349057771043 30.01908069899617
-84.47202693527899 634.3455597101733 26.16783282958205
-93.85392453024164 648.6642068770208 24.98810500358679
-83.67635327287131 664.1346735545005 4.496991107458218
-91.1839312701934 634.4723305634888 19.50366157815949
-84.31738335036991 640.30675373988 18.77198661902107
-81.00368780899127 632.5847370810228 20.79728931766511
-86.28119951907003 645.5937900055702 19.54836606616525
-77.81707675556029 650.3670840060416 8.585613644195595
-81.97522600067614 643.1945682673257 5.75611236397585
-84.46588300666239 653.4790488862235 10.75906864000088
-93.45805137203877 641.8786780513964 13.6273563796901
-89.00158477987588 644.0561253888239 7.309862873943588
-79.02859779247068 646.0913561055838 26.22547994410198
-92.06213295322641 651.586532648013 16.12447673913794
-73.891370429245 636.6611059606179 19.87002434930164
-73.26224591480455 650.7943162465862 21.05155146781294
-81.87273436236767 641.6128656558283 15.85799855078574
-85.51523012504155 646.1685984580618 33.29560402927603
-81.51492435670613 635.1452584087898 27.43950397592443
-80.24512689590439 638.5610262486636 25.27459922293303
-80.42552534787599 649.95187376791 13.2918954463901
-89.07071194130168 635.2620302121711 21.78749232083354
-88.62302106201746 649.3925271689977 18.52987898950777
-74.85944190507159 646.6750568207672 5.735332364135433
-89.48554031203352 648.8734555961713 23.64424317044046
-91.39900481717886 644.3031590833806 33.52733072020537
-75.87510697186093 640.9920506285611 23.47953997065001
-72.85620780222909 640.853122322365 24.61902470121657
-81.7336935199492 632.6340227872332 17.74312550749029
-77.44463081339065 649.5648950772257 28.9071320785436
-92.09501986180504 637.4664326372525 8.611365437834404
-75.52109665750766 635.0953742743912 12.98333982079946
-76.70341520535183 634.9911559905685 26.68359696044131
-81.18088655847008 649.4339128274402 25.41780819489395
-76.2464845614859 634.5362259774355 19.68313916674692
-92.76498723034665 638.7315778991856 25.48868578811954
-80.97184820361664 650.922345021638 16.23018395597586
-83.33106460936091 653.5064492281224 7.343242161265045
-80.94288096777223 653.980849025712 22.11967626791132
-75.8898946773738 645.3353175673536 20.94431170261549
-83.91573778307523 646.7126290488358 15.1901477178159
-85.75035065998529 635.3184212445659 7.818178314267183
-85.48002054538884 636.8252644202764 16.33456512250412
-78.46030594991512 634.2551617463794 22.32574179513943
-91.729647925024 640.3692941663539 18.08850924450671
-88.14738104332224 640.9986435676792 26.68653491369025
-88.3066096434907 638.6000349656111 4.860631421487481
-76.25522791949024 641.7503172849827 4.696143741737875
-95.93606768681623 645.0151537547342 18.97402852154388
-85.72787467567694 638.0688232015349 22.9248642036385
-82.43166037163326 643.1141132685215 11.18229931513961
-80.12393108471508 634.1617643603361 14.65889708752276
-91.30852606487824 648.4624578531133 21.15123729071935
-81.75012297358316 640.896282268428 23.86494826090752
-83.24873621247706 643.9030273629228 32.77286484529754
-82.1852007217077 641.2059299544486 33.83595650333462
-86.99366153802058 640.4485879076803 8.400430030576011
-92.1153285660794 644.150308246851 22.37543372056276
-76.67761657933785 643.5347222841204 13.03061214558916
-68.69879490689593 644.9304834208745 36.50198987866211
-83.94216117554689 654.6202489082633 21.15249753408676
-82.10087907518354 642.6972424339763 19.40379158533915
-73.99712060878336 648.7732852881558 12.68071377516267
-79.71468014374855 651.2357516420467 27.64457816883108
-78.65203258412349 652.6140034719122 10.46824954721649
-89.15179746857059 653.8691629221806 14.94840524160492
-80.16378079255297 641.3912862937058 28.69513071931166
-94.7060148360206 640.3192703478007 22.78832995431305
-72.54049364576595 640.8540611517994 11.23943471835348
-84.41700499233212 649.3247612733244 20.13778389208608
-78.89799184437685 633.3415416467288 18.69147645657234
-93.71129104653035 636.0749945425435 20.24239091096786
-93.13555088323851 643.875893531069 18.49471750429559
-80.57435778620919 636.9384499483338 17.47196013477314
-88.47272231688036 641.6067601192453 15.25896184460556
-86.5228245832693 649.8119946265264 6.649296254269633
-86.01616701267092 644.4305040350754 6.805695649854384
-87.15504235708154 643.1256538863169 2.731504756666345
-79.05422277105897 648.5242679031011 3.940382153615122
-74.14573916075703 644.9174760847335 24.64752420522589
-90.25984984597389 653.3433215694077 17.87840266642349
-95.45009967689447 643.0972807572036 24.27528762348372
-77.74284322673414 638.9158062799117 12.78679669364963
-88.04744974124742 638.1538942515457 11.86911128267151
-76.5735149472097 647.8100599800808 22.54167521764142
-89.04657841404486 641.0444715323025 3.470487474643055
-94.68599862993467 645.4013883321569 29.13426131517405
-92.73077806591422 646.8496340804709 30.92220477429403
-83.50780773255121 648.5960604169496 32.4818099435732
-88.10491416372849 649.5504351278745 15.37668764075266
-71.01696685276117 644.8467245836181 31.80023128110438
-93.02029793550022 640.4649846194178 7.695331513668658
-86.3012327169365 637.7744112913487 30.60290126289537
-96.3148595781761 641.267982146385 18.78720808343536
-72.79037382328204 645.79670630112 3.118164162396355
-80.46925231295008 650.8137807326519 21.92527843812806
$EndNodes
$Elements
39 6158 1 6158
0 1 15 1
1 1 
0 2 15 1
2 2 
0 3 15 1
3 3 
0 4 15 1
4 4 
0 5 15 1
5 5 
0 6 15 1
6 6 
0 7 15 1
7 7 
0 8 15 1
8 8 
0 9 15 1
9 9 
0 10 15 1
10 10 
0 11 15 1
11 11 
0 12 15 1
12 12 
1 15 1 11
13 1 13 
14 13 14 
15 14 15 
16 15 16 
17 16 17 
18 17 18 
19 18 19 
20 19 20 
21 20 21 
22 21 22 
23 22 1 
1 16 1 3
24 2 23 
25 23 24 
26 24 2 
1 17 1 38
27 3 25 
28 25 26 
29 26 27 
30 27 28 
31 28 29 
32 29 30 
33 30 31 
34 31 32 
35 32 33 
36 33 34 
37 34 35 
38 35 36 
39 36 37 
40 37 38 
41 38 39 
42 39 40 
43 40 41 
44 41 42 
45 42 43 
46 43 44 
47 44 45 
48 45 46 
49 46 47 
50 47 48 
51 48 49 
52 49 50 
53 50 51 
54 51 52 
55 52 53 
56 53 54 
57 54 55 
58 55 56 
59 56 57 
60 57 58 
61 58 59 
62 59 60 
63 60 61 
64 61 4 
1 18 1 7
65 5 62 
66 62 63 
67 63 64 
68 64 65 
69 65 66 
70 66 67 
71 67 5 
1 19 1 3
72 6 68 
73 68 69 
74 69 6 
1 20 1 3
75 7 70 
76 70 71 
77 71 7 
1 21 1 11
78 8 72 
79 72 73 
80 73 74 
81 74 75 
82 75 76 
83 76 77 
84 77 78 
85 78 79 
86 79 80 
87 80 81 
88 81 8 
1 22 1 22
89 9 82 
90 82 83 
91 83 84 
92 84 85 
93 85 86 
94 86 87 
95 87 88 
96 88 89 
97 89 90 
98 90 91 
99 91 92 
100 92 93 
101 93 94 
102 94 95 
103 95 96 
104 96 97 
105 97 98 
106 98 99 
107 99 100 
108 100 101 
109 101 102 
110 102 9 
1 23 1 4
111 3 103 
112 103 104 
113 104 105 
114 105 4 
1 24 1 11
115 3 106 
116 106 107 
117 107 108 
118 108 109 
119 109 110 
120 110 111 
121 111 112 
122 112 113 
123 113 114 
124 114 115 
125 115 4 
1 25 1 3
126 10 116 
127 116 117 
128 117 10 
1 26 1 11
129 11 118 
130 118 119 
131 119 120 
132 120 121 
133 121 122 
134 122 123 
135 123 124 
136 124 125 
137 125 126 
138 126 127 
139 127 11 
1 27 1 7
140 12 128 
141 128 129 
142 129 130 
143 130 131 
144 131 132 
145 132 133 
146 133 12 
2 2 2 618
147 1 13 278 
148 22 1 297 
149 278 297 1 
150 68 2 23 
151 219 24 2 
152 2 68 179 
153 178 2 179 
154 178 204 2 
155 203 2 204 
156 2 203 219 
157 24 6 69 
158 209 6 24 
159 6 29 28 
160 6 28 68 
161 30 29 6 
162 30 6 209 
163 71 7 10 
164 10 7 207 
165 7 70 276 
166 207 7 208 
167 208 7 236 
168 276 236 7 
169 116 10 3 
170 357 3 10 
171 25 3 357 
172 3 103 117 
173 3 117 116 
174 117 71 10 
175 207 357 10 
176 118 11 283 
177 11 127 198 
178 198 283 11 
179 4 61 176 
180 176 105 4 
181 172 13 14 
182 172 136 13 
183 136 278 13 
184 172 14 15 
185 308 15 16 
186 15 171 172 
187 171 15 308 
188 309 16 17 
189 309 308 16 
190 17 18 279 
191 394 17 279 
192 309 17 394 
193 279 18 19 
194 19 20 137 
195 137 241 19 
196 241 279 19 
197 138 20 21 
198 137 20 138 
199 333 21 22 
200 21 368 138 
201 333 332 21 
202 21 332 368 
203 22 297 292 
204 292 333 22 
205 69 23 24 
206 69 68 23 
207 210 209 24 
208 210 24 211 
209 24 219 211 
210 285 26 25 
211 285 25 357 
212 177 27 26 
213 177 26 285 
214 179 28 27 
215 27 177 179 
216 68 28 179 
217 209 31 30 
218 32 31 210 
219 31 209 210 
220 270 33 32 
221 32 210 270 
222 284 34 33 
223 270 271 33 
224 271 284 33 
225 201 35 34 
226 284 201 34 
227 231 36 35 
228 201 231 35 
229 37 36 232 
230 231 232 36 
231 232 38 37 
232 39 38 238 
233 38 232 342 
234 342 238 38 
235 40 39 343 
236 39 238 343 
237 41 40 224 
238 343 224 40 
239 294 42 41 
240 41 224 294 
241 188 43 42 
242 42 294 188 
243 44 43 188 
244 44 189 45 
245 44 188 189 
246 45 296 46 
247 296 45 189 
248 46 296 47 
249 48 47 317 
250 317 47 296 
251 49 48 261 
252 317 261 48 
253 234 50 49 
254 49 260 234 
255 260 49 261 
256 51 50 339 
257 339 50 234 
258 365 52 51 
259 365 51 339 
260 381 53 52 
261 52 157 257 
262 365 157 52 
263 52 257 381 
264 316 54 53 
265 265 316 53 
266 265 53 381 
267 55 54 273 
268 316 273 54 
269 240 56 55 
270 55 244 240 
271 291 244 55 
272 55 273 291 
273 347 57 56 
274 347 56 240 
275 377 58 57 
276 377 57 347 
277 59 58 312 
278 312 58 378 
279 378 58 377 
280 60 59 182 
281 59 185 182 
282 312 185 59 
283 181 61 60 
284 60 182 181 
285 181 176 61 
286 71 117 70 
287 70 117 184 
288 70 184 186 
289 186 276 70 
290 103 104 340 
291 340 117 103 
292 104 105 176 
293 104 176 184 
294 340 104 184 
295 184 117 340 
296 119 118 282 
297 283 282 118 
298 120 119 239 
299 239 119 289 
300 282 289 119 
301 239 121 120 
302 244 122 121 
303 121 239 240 
304 244 121 240 
305 291 123 122 
306 122 244 291 
307 124 123 180 
308 291 180 123 
309 125 124 152 
310 124 180 152 
311 307 126 125 
312 125 152 153 
313 153 306 125 
314 125 306 303 
315 307 125 303 
316 127 126 307 
317 198 127 199 
318 127 307 199 
319 134 135 136 
320 135 134 271 
321 134 136 172 
322 171 134 172 
323 229 134 171 
324 134 229 271 
325 278 136 135 
326 211 220 135 
327 270 211 135 
328 135 220 278 
329 135 271 270 
330 137 138 139 
331 139 242 137 
332 242 241 137 
333 138 368 139 
334 139 149 151 
335 149 139 368 
336 151 348 139 
337 242 139 348 
338 140 141 142 
339 162 141 140 
340 140 142 372 
341 140 315 162 
342 372 315 140 
343 141 301 142 
344 147 141 162 
345 167 141 147 
346 141 167 166 
347 141 166 301 
348 142 301 349 
349 349 350 142 
350 142 350 372 
351 143 144 145 
352 390 144 143 
353 143 145 398 
354 395 390 143 
355 395 143 396 
356 396 143 398 
357 169 145 144 
358 144 175 169 
359 144 173 175 
360 390 173 144 
361 389 145 169 
362 145 389 392 
363 398 145 392 
364 146 147 148 
365 205 147 146 
366 359 146 148 
367 146 311 205 
368 355 311 146 
369 355 146 371 
370 371 146 359 
371 147 162 148 
372 147 205 167 
373 162 300 148 
374 298 148 300 
375 359 148 298 
376 149 150 151 
377 149 218 150 
378 218 149 217 
379 217 149 368 
380 151 150 197 
381 197 150 193 
382 150 218 193 
383 272 151 197 
384 348 151 272 
385 370 153 152 
386 152 180 370 
387 191 306 153 
388 153 370 191 
389 154 155 156 
390 164 155 154 
391 387 154 156 
392 163 164 154 
393 163 154 337 
394 337 154 338 
395 338 154 387 
396 386 156 155 
397 155 164 336 
398 256 155 336 
399 155 256 386 
400 157 156 158 
401 156 157 387 
402 380 158 156 
403 156 386 380 
404 369 157 158 
405 257 157 369 
406 338 157 365 
407 387 157 338 
408 362 351 158 
409 158 351 369 
410 158 363 362 
411 380 363 158 
412 159 160 161 
413 159 165 160 
414 367 159 161 
415 382 165 159 
416 366 159 367 
417 159 366 382 
418 160 375 161 
419 165 363 160 
420 160 363 379 
421 160 383 375 
422 383 160 379 
423 161 376 367 
424 161 375 376 
425 300 162 315 
426 352 164 163 
427 258 259 163 
428 337 258 163 
429 163 259 352 
430 251 253 164 
431 251 164 352 
432 360 164 253 
433 336 164 360 
434 363 165 361 
435 391 361 165 
436 382 391 165 
437 166 167 168 
438 344 166 168 
439 301 166 344 
440 168 167 170 
441 170 167 288 
442 288 167 205 
443 170 264 168 
444 168 264 265 
445 168 265 344 
446 169 175 373 
447 169 373 388 
448 169 388 389 
449 288 192 170 
450 170 192 356 
451 170 356 264 
452 171 227 229 
453 308 227 171 
454 173 174 175 
455 173 358 174 
456 393 358 173 
457 173 390 393 
458 175 174 226 
459 174 196 226 
460 196 174 346 
461 346 174 358 
462 175 226 373 
463 183 176 181 
464 176 183 184 
465 177 178 179 
466 178 177 286 
467 286 177 285 
468 178 314 204 
469 178 286 287 
470 178 287 314 
471 280 180 291 
472 370 180 280 
473 181 182 183 
474 185 183 182 
475 186 184 183 
476 186 183 185 
477 186 185 187 
478 185 200 187 
479 200 185 312 
480 187 277 186 
481 276 186 277 
482 187 198 199 
483 187 200 198 
484 199 277 187 
485 190 189 188 
486 190 188 294 
487 313 189 190 
488 296 189 313 
489 190 294 354 
490 190 323 313 
491 323 190 322 
492 354 322 190 
493 191 192 193 
494 192 191 370 
495 225 191 193 
496 306 191 225 
497 222 193 192 
498 288 222 192 
499 370 356 192 
500 197 193 222 
501 225 193 218 
502 194 195 196 
503 274 195 194 
504 196 346 194 
505 255 341 194 
506 194 346 255 
507 274 194 341 
508 384 196 195 
509 274 300 195 
510 315 195 300 
511 195 315 385 
512 195 385 384 
513 329 226 196 
514 384 329 196 
515 197 222 223 
516 272 197 223 
517 200 281 198 
518 281 283 198 
519 199 307 277 
520 281 200 378 
521 312 378 200 
522 201 284 230 
523 364 201 230 
524 231 201 364 
525 202 203 204 
526 203 202 292 
527 202 204 345 
528 202 215 292 
529 215 202 345 
530 219 203 220 
531 292 220 203 
532 314 345 204 
533 288 205 223 
534 223 205 311 
535 206 207 208 
536 206 285 207 
537 208 275 206 
538 275 287 206 
539 206 286 285 
540 206 287 286 
541 357 207 285 
542 208 236 237 
543 275 208 237 
544 210 211 270 
545 211 219 220 
546 212 213 214 
547 212 268 213 
548 214 221 212 
549 364 212 221 
550 212 230 250 
551 230 212 364 
552 212 250 267 
553 212 267 268 
554 238 214 213 
555 245 238 213 
556 249 245 213 
557 213 268 249 
558 221 214 342 
559 214 238 342 
560 215 216 217 
561 345 216 215 
562 215 217 332 
563 332 292 215 
564 216 218 217 
565 225 218 216 
566 290 225 216 
567 290 216 295 
568 295 216 345 
569 368 332 217 
570 220 297 278 
571 292 297 220 
572 232 231 221 
573 221 231 364 
574 342 232 221 
575 288 223 222 
576 223 311 272 
577 246 224 247 
578 293 224 246 
579 247 224 343 
580 293 294 224 
581 304 225 290 
582 225 304 306 
583 373 226 329 
584 227 228 229 
585 335 228 227 
586 227 308 309 
587 309 335 227 
588 230 229 228 
589 228 250 230 
590 250 228 335 
591 229 230 284 
592 284 271 229 
593 233 234 235 
594 234 233 339 
595 233 235 337 
596 337 338 233 
597 339 233 338 
598 260 235 234 
599 235 318 258 
600 258 337 235 
601 260 318 235 
602 305 237 236 
603 310 236 276 
604 236 310 305 
605 237 290 275 
606 290 237 304 
607 305 304 237 
608 247 238 245 
609 343 238 247 
610 347 240 239 
611 289 347 239 
612 241 242 243 
613 243 279 241 
614 242 266 243 
615 269 266 242 
616 328 269 242 
617 242 348 328 
618 266 324 243 
619 334 279 243 
620 243 324 334 
621 245 246 247 
622 245 248 246 
623 249 248 245 
624 248 302 246 
625 246 302 293 
626 248 249 262 
627 248 262 302 
628 262 249 263 
629 268 263 249 
630 267 250 324 
631 335 324 250 
632 251 252 253 
633 353 252 251 
634 263 251 262 
635 352 262 251 
636 251 263 353 
637 253 252 269 
638 269 252 266 
639 266 252 353 
640 328 253 269 
641 327 253 328 
642 253 327 360 
643 254 255 256 
644 341 255 254 
645 256 299 254 
646 254 299 341 
647 379 256 255 
648 358 255 346 
649 383 255 358 
650 379 255 383 
651 256 336 299 
652 386 256 379 
653 265 257 344 
654 381 257 265 
655 344 257 351 
656 369 351 257 
657 259 258 319 
658 319 258 318 
659 302 262 259 
660 259 262 352 
661 302 259 321 
662 319 321 259 
663 326 260 261 
664 260 326 318 
665 326 261 317 
666 325 263 268 
667 263 325 353 
668 265 264 316 
669 273 264 280 
670 264 273 316 
671 264 356 280 
672 325 324 266 
673 353 325 266 
674 268 267 325 
675 324 325 267 
676 355 272 311 
677 348 272 355 
678 280 291 273 
679 298 274 299 
680 300 274 298 
681 341 299 274 
682 295 287 275 
683 275 290 295 
684 277 310 276 
685 310 277 307 
686 279 334 394 
687 280 356 370 
688 281 282 283 
689 281 289 282 
690 289 281 378 
691 314 287 295 
692 347 289 377 
693 377 289 378 
694 292 332 333 
695 354 294 293 
696 321 293 302 
697 293 321 322 
698 293 322 354 
699 295 345 314 
700 313 317 296 
701 359 298 299 
702 336 359 299 
703 344 351 301 
704 301 351 349 
705 303 304 305 
706 303 306 304 
707 303 305 310 
708 310 307 303 
709 309 334 335 
710 394 334 309 
711 317 313 323 
712 385 315 372 
713 323 326 317 
714 319 318 320 
715 320 318 326 
716 319 320 321 
717 321 320 322 
718 320 323 322 
719 326 323 320 
720 334 324 335 
721 327 328 355 
722 327 359 336 
723 360 327 336 
724 371 327 355 
725 359 327 371 
726 355 328 348 
727 329 330 331 
728 330 329 384 
729 329 331 374 
730 373 329 374 
731 331 330 350 
732 330 372 350 
733 372 330 385 
734 384 385 330 
735 350 361 331 
736 331 361 391 
737 391 374 331 
738 365 339 338 
739 350 349 361 
740 349 351 362 
741 349 362 361 
742 375 358 376 
743 358 375 383 
744 376 358 393 
745 361 362 363 
746 379 363 380 
747 366 367 397 
748 389 382 366 
749 392 389 366 
750 397 392 366 
751 367 376 390 
752 367 390 395 
753 397 367 395 
754 373 374 388 
755 388 374 382 
756 374 391 382 
757 393 390 376 
758 380 386 379 
759 388 382 389 
760 399 392 397 
761 398 392 399 
762 396 397 395 
763 397 396 399 
764 399 396 398 
2 3 2 900
765 62 686 5 
766 432 67 5 
767 545 432 5 
768 446 447 5 
769 686 446 5 
770 545 5 447 
771 497 8 72 
772 793 81 8 
773 497 781 8 
774 699 697 8 
775 697 793 8 
776 699 8 786 
777 781 739 8 
778 788 8 739 
779 8 787 786 
780 8 788 787 
781 9 411 82 
782 102 621 9 
783 9 596 411 
784 596 9 604 
785 604 9 621 
786 25 631 3 
787 632 106 3 
788 632 3 631 
789 12 547 128 
790 133 453 12 
791 453 454 12 
792 505 12 454 
793 505 506 12 
794 506 547 12 
795 4 426 61 
796 426 4 115 
797 26 633 25 
798 25 633 631 
799 27 654 26 
800 26 654 633 
801 28 670 27 
802 654 27 670 
803 29 738 28 
804 670 28 661 
805 661 28 738 
806 29 30 738 
807 623 30 31 
808 623 798 30 
809 30 628 738 
810 798 628 30 
811 32 623 31 
812 33 613 32 
813 32 613 623 
814 34 613 33 
815 607 34 35 
816 34 607 612 
817 613 34 612 
818 606 35 36 
819 607 35 606 
820 649 36 37 
821 649 606 36 
822 610 37 38 
823 591 592 37 
824 591 37 610 
825 592 649 37 
826 39 610 38 
827 40 602 39 
828 39 602 610 
829 601 40 41 
830 601 602 40 
831 42 414 41 
832 41 414 601 
833 43 732 42 
834 42 413 414 
835 42 732 413 
836 710 43 44 
837 717 43 710 
838 732 43 717 
839 45 710 44 
840 46 773 45 
841 45 521 710 
842 773 521 45 
843 734 46 47 
844 46 734 467 
845 773 46 467 
846 48 625 47 
847 734 47 625 
848 49 624 48 
849 48 624 625 
850 50 712 49 
851 712 624 49 
852 499 50 51 
853 499 712 50 
854 552 51 52 
855 552 499 51 
856 53 552 52 
857 54 646 53 
858 646 552 53 
859 55 638 54 
860 639 54 638 
861 646 54 639 
862 638 55 56 
863 57 636 56 
864 636 638 56 
865 58 442 57 
866 57 442 636 
867 59 441 58 
868 441 442 58 
869 60 560 59 
870 441 59 560 
871 426 60 61 
872 422 60 426 
873 560 60 422 
874 574 62 63 
875 686 62 574 
876 573 63 64 
877 63 573 574 
878 609 64 65 
879 64 782 573 
880 64 647 580 
881 782 64 580 
882 609 603 64 
883 64 603 647 
884 648 65 66 
885 65 590 609 
886 65 648 590 
887 593 66 67 
888 593 648 66 
889 67 432 430 
890 67 430 593 
891 72 73 497 
892 73 74 404 
893 402 73 404 
894 727 73 402 
895 496 497 73 
896 520 496 73 
897 533 520 73 
898 533 73 727 
899 760 74 75 
900 74 764 404 
901 74 760 764 
902 76 761 75 
903 75 761 760 
904 77 488 76 
905 488 761 76 
906 78 488 77 
907 79 640 78 
908 488 78 489 
909 489 78 640 
910 79 80 762 
911 640 79 645 
912 762 645 79 
913 81 784 80 
914 80 665 723 
915 784 665 80 
916 723 730 80 
917 730 756 80 
918 80 756 762 
919 784 81 793 
920 83 82 525 
921 82 411 525 
922 84 83 724 
923 83 525 724 
924 754 85 84 
925 84 724 754 
926 85 755 86 
927 755 85 754 
928 86 581 87 
929 755 581 86 
930 582 88 87 
931 581 582 87 
932 582 89 88 
933 89 419 90 
934 419 89 421 
935 714 421 89 
936 714 89 582 
937 91 90 779 
938 779 90 419 
939 92 91 682 
940 682 91 779 
941 401 93 92 
942 400 401 92 
943 92 600 400 
944 600 92 495 
945 682 495 92 
946 93 597 94 
947 93 401 109 
948 597 93 109 
949 94 598 95 
950 597 598 94 
951 632 96 95 
952 642 95 598 
953 95 642 632 
954 96 631 97 
955 96 632 631 
956 631 98 97 
957 670 99 98 
958 633 98 631 
959 654 98 633 
960 98 654 670 
961 661 100 99 
962 99 670 661 
963 100 629 101 
964 660 629 100 
965 660 100 661 
966 630 102 101 
967 629 630 101 
968 621 102 620 
969 102 630 620 
970 106 642 107 
971 642 106 632 
972 107 598 108 
973 107 642 598 
974 108 597 109 
975 108 598 597 
976 401 110 109 
977 111 110 400 
978 400 110 401 
979 449 112 111 
980 400 449 111 
981 112 588 113 
982 449 450 112 
983 635 112 450 
984 680 588 112 
985 112 635 634 
986 112 634 680 
987 424 114 113 
988 588 424 113 
989 115 114 426 
990 422 114 424 
991 422 426 114 
992 128 681 129 
993 586 128 547 
994 128 586 681 
995 129 635 130 
996 129 681 635 
997 450 131 130 
998 130 635 450 
999 132 131 691 
1000 599 131 450 
1001 131 494 493 
1002 690 131 493 
1003 131 599 494 
1004 131 690 691 
1005 132 701 133 
1006 701 132 691 
1007 133 701 453 
1008 600 449 400 
1009 402 404 403 
1010 402 403 455 
1011 402 455 407 
1012 402 407 572 
1013 727 402 572 
1014 404 764 403 
1015 403 564 455 
1016 403 641 564 
1017 641 403 764 
1018 405 407 406 
1019 405 406 667 
1020 405 572 407 
1021 669 572 405 
1022 668 405 667 
1023 405 668 669 
1024 406 407 440 
1025 440 475 406 
1026 406 475 664 
1027 744 406 664 
1028 406 744 667 
1029 455 440 407 
1030 408 410 409 
1031 409 544 408 
1032 408 445 410 
1033 657 445 408 
1034 545 408 544 
1035 545 657 408 
1036 409 410 411 
1037 409 411 596 
1038 409 596 544 
1039 526 411 410 
1040 410 445 540 
1041 526 410 540 
1042 524 525 411 
1043 524 411 526 
1044 412 414 413 
1045 412 413 415 
1046 414 412 601 
1047 415 647 412 
1048 412 603 601 
1049 603 412 647 
1050 415 413 614 
1051 732 614 413 
1052 415 579 580 
1053 579 415 729 
1054 647 415 580 
1055 614 745 415 
1056 745 729 415 
1057 416 418 417 
1058 417 521 416 
1059 416 468 418 
1060 467 468 416 
1061 416 773 467 
1062 521 773 416 
1063 418 688 417 
1064 521 417 523 
1065 417 674 523 
1066 688 674 417 
1067 675 418 468 
1068 418 675 676 
1069 688 418 676 
1070 419 421 420 
1071 419 420 425 
1072 425 779 419 
1073 421 512 420 
1074 763 425 420 
1075 763 420 512 
1076 577 512 421 
1077 714 577 421 
1078 422 424 423 
1079 423 560 422 
1080 423 424 561 
1081 560 423 441 
1082 441 423 561 
1083 561 424 588 
1084 425 502 683 
1085 425 763 502 
1086 683 779 425 
1087 427 429 428 
1088 428 508 427 
1089 753 429 427 
1090 427 508 507 
1091 427 507 731 
1092 731 753 427 
1093 428 429 444 
1094 428 444 747 
1095 508 428 747 
1096 684 444 429 
1097 452 429 451 
1098 753 451 429 
1099 684 429 452 
1100 430 432 431 
1101 431 595 430 
1102 430 595 593 
1103 431 432 544 
1104 596 431 544 
1105 595 431 604 
1106 431 596 604 
1107 544 432 545 
1108 433 435 434 
1109 433 434 439 
1110 477 435 433 
1111 770 433 439 
1112 541 477 433 
1113 541 433 770 
1114 619 434 435 
1115 434 458 439 
1116 546 458 434 
1117 434 619 546 
1118 476 435 477 
1119 757 435 476 
1120 619 435 584 
1121 757 584 435 
1122 436 438 437 
1123 437 712 436 
1124 438 436 503 
1125 499 500 436 
1126 499 436 712 
1127 436 500 503 
1128 517 437 438 
1129 518 437 517 
1130 518 624 437 
1131 437 624 712 
1132 589 438 503 
1133 517 438 589 
1134 458 501 439 
1135 501 770 439 
1136 474 440 455 
1137 474 475 440 
1138 441 443 442 
1139 443 441 561 
1140 442 443 511 
1141 509 442 511 
1142 509 636 442 
1143 673 511 443 
1144 443 671 532 
1145 673 443 532 
1146 671 443 561 
1147 775 444 684 
1148 444 746 747 
1149 746 444 775 
1150 650 540 445 
1151 650 445 651 
1152 445 657 651 
1153 446 448 447 
1154 448 446 519 
1155 686 519 446 
1156 447 448 652 
1157 657 545 447 
1158 652 657 447 
1159 448 519 702 
1160 448 653 652 
1161 702 653 448 
1162 599 450 449 
1163 600 599 449 
1164 451 453 452 
1165 453 451 454 
1166 736 454 451 
1167 451 753 736 
1168 452 453 700 
1169 452 457 456 
1170 456 684 452 
1171 700 457 452 
1172 701 700 453 
1173 482 505 454 
1174 454 736 482 
1175 474 455 563 
1176 563 455 564 
1177 456 457 478 
1178 456 478 775 
1179 684 456 775 
1180 457 693 478 
1181 557 693 457 
1182 457 700 557 
1183 458 460 459 
1184 502 458 459 
1185 458 461 460 
1186 546 461 458 
1187 501 458 502 
1188 460 495 459 
1189 495 682 459 
1190 459 683 502 
1191 682 683 459 
1192 460 461 493 
1193 493 494 460 
1194 460 494 495 
1195 493 461 743 
1196 749 461 546 
1197 461 749 743 
1198 462 464 463 
1199 463 539 462 
1200 578 464 462 
1201 515 462 537 
1202 462 515 578 
1203 537 462 539 
1204 464 465 463 
1205 463 465 579 
1206 539 463 579 
1207 464 466 465 
1208 464 715 466 
1209 464 578 715 
1210 465 466 616 
1211 465 580 579 
1212 465 782 580 
1213 465 616 782 
1214 466 627 616 
1215 627 466 715 
1216 468 467 469 
1217 734 469 467 
1218 469 470 468 
1219 675 468 470 
1220 470 469 733 
1221 735 733 469 
1222 734 735 469 
1223 483 675 470 
1224 483 470 679 
1225 733 679 470 
1226 471 473 472 
1227 520 471 472 
1228 471 535 473 
1229 471 520 533 
1230 533 534 471 
1231 471 534 535 
1232 473 537 472 
1233 472 780 520 
1234 472 537 538 
1235 780 472 538 
1236 515 537 473 
1237 473 685 515 
1238 685 473 535 
1239 475 474 477 
1240 477 474 476 
1241 563 476 474 
1242 475 477 568 
1243 568 664 475 
1244 476 563 757 
1245 541 568 477 
1246 478 693 694 
1247 774 478 694 
1248 478 774 775 
1249 479 481 480 
1250 479 480 729 
1251 562 481 479 
1252 479 614 562 
1253 745 614 479 
1254 729 745 479 
1255 481 771 480 
1256 536 480 538 
1257 480 536 729 
1258 480 740 538 
1259 771 740 480 
1260 523 481 562 
1261 672 481 523 
1262 771 481 672 
1263 482 484 483 
1264 482 483 677 
1265 484 482 736 
1266 677 505 482 
1267 483 484 675 
1268 679 677 483 
1269 567 676 484 
1270 567 484 736 
1271 675 484 676 
1272 485 487 486 
1273 585 485 486 
1274 704 487 485 
1275 485 585 719 
1276 713 704 485 
1277 713 485 719 
1278 487 498 486 
1279 486 498 504 
1280 486 504 515 
1281 685 486 515 
1282 486 685 585 
1283 487 795 498 
1284 487 704 795 
1285 761 488 489 
1286 489 640 641 
1287 489 641 764 
1288 760 761 489 
1289 764 760 489 
1290 490 492 491 
1291 519 490 491 
1292 574 492 490 
1293 490 519 686 
1294 574 490 686 
1295 615 491 492 
1296 519 491 703 
1297 615 721 491 
1298 721 703 491 
1299 492 574 573 
1300 573 616 492 
1301 492 616 615 
1302 743 690 493 
1303 495 494 600 
1304 494 599 600 
1305 794 497 496 
1306 783 496 520 
1307 783 794 496 
1308 497 794 781 
1309 716 504 498 
1310 498 796 716 
1311 796 498 795 
1312 500 499 552 
1313 662 503 500 
1314 500 552 646 
1315 646 662 500 
1316 501 502 763 
1317 763 513 501 
1318 513 770 501 
1319 503 510 548 
1320 662 510 503 
1321 589 503 548 
1322 504 578 515 
1323 504 715 578 
1324 715 504 716 
1325 678 506 505 
1326 505 677 678 
1327 506 550 547 
1328 506 678 550 
1329 507 508 528 
1330 507 528 527 
1331 527 731 507 
1332 508 659 528 
1333 747 659 508 
1334 509 511 510 
1335 637 509 510 
1336 636 509 637 
1337 511 673 510 
1338 510 673 548 
1339 637 510 662 
1340 512 514 513 
1341 512 513 763 
1342 575 514 512 
1343 577 575 512 
1344 513 514 770 
1345 543 514 644 
1346 543 770 514 
1347 575 644 514 
1348 516 518 517 
1349 589 516 517 
1350 516 556 518 
1351 553 554 516 
1352 516 589 553 
1353 554 555 516 
1354 555 556 516 
1355 556 626 518 
1356 624 518 626 
1357 702 519 703 
1358 780 783 520 
1359 521 523 522 
1360 522 710 521 
1361 522 523 562 
1362 562 717 522 
1363 710 522 717 
1364 674 672 523 
1365 524 724 525 
1366 524 526 726 
1367 724 524 725 
1368 726 725 524 
1369 526 540 726 
1370 527 528 529 
1371 527 529 728 
1372 731 527 728 
1373 529 528 656 
1374 655 656 528 
1375 659 655 528 
1376 656 723 529 
1377 665 666 529 
1378 665 529 723 
1379 666 728 529 
1380 530 532 531 
1381 549 530 531 
1382 530 673 532 
1383 530 553 548 
1384 673 530 548 
1385 549 553 530 
1386 671 531 532 
1387 551 549 531 
1388 551 531 587 
1389 587 531 671 
1390 687 534 533 
1391 727 687 533 
1392 535 534 689 
1393 689 534 687 
1394 792 685 535 
1395 737 535 689 
1396 792 535 737 
1397 536 538 537 
1398 539 536 537 
1399 536 539 729 
1400 739 538 740 
1401 538 739 780 
1402 539 579 729 
1403 540 650 741 
1404 742 726 540 
1405 741 742 540 
1406 541 543 542 
1407 568 541 542 
1408 543 541 770 
1409 543 643 542 
1410 664 568 542 
1411 542 643 759 
1412 664 542 759 
1413 543 644 643 
1414 546 619 749 
1415 551 547 550 
1416 586 547 551 
1417 553 589 548 
1418 549 551 550 
1419 550 553 549 
1420 554 553 550 
1421 554 550 678 
1422 586 551 587 
1423 554 678 555 
1424 556 555 679 
1425 555 678 677 
1426 677 679 555 
1427 733 626 556 
1428 679 733 556 
1429 557 559 558 
1430 558 693 557 
1431 691 559 557 
1432 557 700 691 
1433 617 558 559 
1434 658 558 617 
1435 558 658 718 
1436 558 718 693 
1437 559 765 617 
1438 559 691 692 
1439 765 559 692 
1440 561 588 671 
1441 562 614 717 
1442 564 756 563 
1443 756 583 563 
1444 563 583 757 
1445 641 645 564 
1446 645 762 564 
1447 564 762 756 
1448 565 567 566 
1449 566 708 565 
1450 676 567 565 
1451 565 688 676 
1452 688 565 707 
1453 565 708 707 
1454 791 566 567 
1455 708 566 777 
1456 731 728 566 
1457 728 777 566 
1458 566 791 731 
1459 736 791 567 
1460 569 571 570 
1461 570 766 569 
1462 571 569 584 
1463 619 584 569 
1464 619 569 749 
1465 749 569 743 
1466 766 743 569 
1467 571 722 570 
1468 617 570 618 
1469 765 570 617 
1470 570 722 618 
1471 766 570 765 
1472 583 571 584 
1473 730 571 583 
1474 571 730 722 
1475 669 653 572 
1476 687 572 653 
1477 687 727 572 
1478 616 573 782 
1479 575 577 576 
1480 644 575 576 
1481 581 576 577 
1482 576 581 751 
1483 644 576 750 
1484 576 751 750 
1485 577 582 581 
1486 577 714 582 
1487 581 755 751 
1488 757 583 584 
1489 730 583 756 
1490 585 685 792 
1491 792 719 585 
1492 586 587 634 
1493 634 681 586 
1494 634 587 680 
1495 587 671 680 
1496 588 680 671 
1497 590 592 591 
1498 591 609 590 
1499 648 592 590 
1500 591 602 609 
1501 610 602 591 
1502 648 594 592 
1503 649 592 594 
1504 593 595 594 
1505 593 594 648 
1506 594 595 649 
1507 595 604 605 
1508 606 595 605 
1509 606 649 595 
1510 601 603 602 
1511 609 602 603 
1512 605 604 621 
1513 605 607 606 
1514 608 607 605 
1515 608 605 621 
1516 607 608 612 
1517 663 612 608 
1518 620 608 621 
1519 608 620 663 
1520 611 613 612 
1521 612 663 611 
1522 613 611 623 
1523 611 620 622 
1524 620 611 663 
1525 622 623 611 
1526 614 732 717 
1527 616 627 615 
1528 627 720 615 
1529 721 615 720 
1530 617 618 655 
1531 655 658 617 
1532 618 656 655 
1533 618 722 656 
1534 620 630 622 
1535 798 623 622 
1536 630 628 622 
1537 628 798 622 
1538 624 626 625 
1539 735 625 626 
1540 735 734 625 
1541 735 626 733 
1542 715 767 627 
1543 767 720 627 
1544 628 630 629 
1545 628 629 660 
1546 660 738 628 
1547 681 634 635 
1548 637 638 636 
1549 639 638 637 
1550 637 646 639 
1551 662 646 637 
1552 641 640 645 
1553 778 643 644 
1554 742 643 758 
1555 742 759 643 
1556 643 778 758 
1557 750 778 644 
1558 650 651 667 
1559 744 650 667 
1560 741 650 744 
1561 657 668 651 
1562 651 668 667 
1563 652 653 669 
1564 668 657 652 
1565 669 668 652 
1566 687 653 689 
1567 702 689 653 
1568 658 655 659 
1569 723 656 722 
1570 659 696 658 
1571 696 718 658 
1572 659 748 696 
1573 659 747 748 
1574 660 661 738 
1575 664 741 744 
1576 741 664 759 
1577 666 665 698 
1578 785 698 665 
1579 784 785 665 
1580 698 699 666 
1581 699 777 666 
1582 777 728 666 
1583 707 672 674 
1584 711 672 707 
1585 711 771 672 
1586 688 707 674 
1587 779 683 682 
1588 689 702 737 
1589 690 692 691 
1590 690 743 692 
1591 700 701 691 
1592 743 766 692 
1593 692 766 765 
1594 693 718 694 
1595 694 696 695 
1596 695 774 694 
1597 718 696 694 
1598 748 695 696 
1599 695 748 752 
1600 774 695 752 
1601 697 699 698 
1602 698 797 697 
1603 797 793 697 
1604 797 698 785 
1605 777 699 786 
1606 702 703 737 
1607 721 769 703 
1608 703 769 737 
1609 704 706 705 
1610 705 795 704 
1611 706 704 713 
1612 705 706 796 
1613 795 705 796 
1614 768 706 713 
1615 706 768 796 
1616 707 708 709 
1617 707 709 711 
1618 709 708 777 
1619 790 711 709 
1620 786 709 777 
1621 709 786 790 
1622 771 711 772 
1623 711 790 772 
1624 719 720 713 
1625 720 767 713 
1626 768 713 767 
1627 767 715 716 
1628 767 716 768 
1629 796 768 716 
1630 719 721 720 
1631 721 719 769 
1632 719 792 769 
1633 722 730 723 
1634 724 725 754 
1635 758 725 726 
1636 754 725 750 
1637 725 758 750 
1638 742 758 726 
1639 791 753 731 
1640 736 753 791 
1641 769 792 737 
1642 739 740 789 
1643 781 780 739 
1644 789 788 739 
1645 740 771 772 
1646 772 789 740 
1647 742 741 759 
1648 746 748 747 
1649 748 746 752 
1650 746 776 752 
1651 776 746 775 
1652 754 750 751 
1653 778 750 758 
1654 751 755 754 
1655 776 774 752 
1656 789 772 790 
1657 774 776 775 
1658 780 781 783 
1659 794 783 781 
1660 793 785 784 
1661 793 797 785 
1662 787 790 786 
1663 788 789 787 
1664 790 787 789 
2 4 2 9
1665 67 62 5 
1666 63 62 800 
1667 62 67 799 
1668 62 799 800 
1669 65 64 63 
1670 65 63 800 
1671 66 65 799 
1672 799 65 800 
1673 67 66 799 
2 5 2 23
1674 1 807 13 
1675 22 807 1 
1676 13 807 14 
1677 14 802 15 
1678 14 804 802 
1679 14 807 804 
1680 15 802 16 
1681 16 805 17 
1682 802 805 16 
1683 17 803 18 
1684 17 805 803 
1685 18 803 19 
1686 19 806 20 
1687 803 806 19 
1688 20 801 21 
1689 20 806 801 
1690 21 801 22 
1691 801 804 22 
1692 804 807 22 
1693 802 804 801 
1694 801 805 802 
1695 803 805 801 
1696 801 806 803 
2 6 2 1
1697 6 68 69 
2 7 2 1
1698 2 24 23 
2 8 2 17
1699 8 810 72 
1700 81 809 8 
1701 809 811 8 
1702 8 811 810 
1703 72 810 73 
1704 73 810 74 
1705 74 808 75 
1706 74 811 808 
1707 810 811 74 
1708 77 76 75 
1709 75 808 77 
1710 77 808 78 
1711 78 809 79 
1712 808 809 78 
1713 80 79 81 
1714 79 809 81 
1715 808 811 809 
2 9 2 26
1716 9 82 102 
1717 82 83 102 
1718 101 83 84 
1719 102 83 101 
1720 85 812 84 
1721 100 101 84 
1722 84 812 100 
1723 86 813 85 
1724 99 812 85 
1725 85 813 99 
1726 87 814 86 
1727 98 813 86 
1728 86 814 98 
1729 88 96 87 
1730 97 87 96 
1731 97 814 87 
1732 89 95 88 
1733 95 96 88 
1734 90 94 89 
1735 94 95 89 
1736 91 93 90 
1737 90 93 94 
1738 92 93 91 
1739 98 814 97 
1740 99 813 98 
1741 100 812 99 
2 10 2 1
1742 10 116 117 
2 11 2 1
1743 7 71 70 
2 12 2 9
1744 128 133 12 
1745 128 129 815 
1746 133 128 815 
1747 129 130 815 
1748 130 131 816 
1749 815 130 816 
1750 131 132 816 
1751 132 133 815 
1752 132 815 816 
2 13 2 13
1753 103 3 106 
1754 108 4 105 
1755 108 115 4 
1756 106 104 103 
1757 107 105 104 
1758 106 107 104 
1759 108 105 107 
1760 109 115 108 
1761 109 110 114 
1762 109 114 115 
1763 111 113 110 
1764 110 113 114 
1765 112 113 111 
2 14 2 21
1766 118 820 11 
1767 11 820 127 
1768 119 819 118 
1769 819 820 118 
1770 120 819 119 
1771 121 821 120 
1772 120 821 819 
1773 122 818 121 
1774 818 821 121 
1775 123 818 122 
1776 124 818 123 
1777 125 822 124 
1778 124 822 818 
1779 126 817 125 
1780 817 822 125 
1781 127 820 126 
1782 126 820 817 
1783 817 820 819 
1784 819 822 817 
1785 818 822 821 
1786 821 822 819 
3 1 4 4372
1787 834 948 873 1107 
1788 852 1008 984 1088 
1789 316 875 280 1140 
1790 855 902 1054 1084 
1791 558 655 559 1013 
1792 872 934 216 1010 
1793 849 981 895 985 
1794 830 895 981 985 
1795 513 893 921 929 
1796 934 935 835 998 
1797 824 856 887 1016 
1798 471 854 472 941 
1799 133 845 1030 1066 
1800 855 1054 952 1084 
1801 150 934 869 998 
1802 561 937 878 1075 
1803 204 911 872 1018 
1804 23 892 853 912 
1805 216 934 872 1073 
1806 23 853 892 1018 
1807 133 845 968 1032 
1808 884 989 918 995 
1809 877 886 829 890 
1810 655 897 559 1013 
1811 23 912 853 1050 
1812 133 968 845 1066 
1813 835 935 934 1059 
1814 448 996 687 1022 
1815 448 923 687 996 
1816 988 1009 892 1025 
1817 849 895 916 985 
1818 892 911 203 1018 
1819 23 853 1018 1050 
1820 85 926 948 1050 
1821 886 890 877 1126 
1822 845 1032 133 1146 
1823 827 952 1054 1084 
1824 229 852 228 930 
1825 204 203 911 1018 
1826 830 916 895 985 
1827 687 996 923 1022 
1828 845 133 1030 1146 
1829 855 952 902 1084 
1830 827 877 928 1001 
1831 825 852 911 1026 
1832 835 934 875 1059 
1833 218 911 869 1073 
1834 646 903 862 949 
1835 687 923 534 1022 
1836 856 890 886 1126 
1837 846 1009 988 1025 
1838 946 953 863 1002 
1839 825 869 915 1026 
1840 825 852 892 911 
1841 881 447 996 1064 
1842 447 881 956 1064 
1843 826 904 857 1028 
1844 824 886 856 1016 
1845 827 1001 928 1091 
1846 919 936 889 944 
1847 834 888 948 1107 
1848 298 974 148 1055 
1849 250 984 1008 1088 
1850 827 877 886 928 
1851 948 888 1029 1107 
1852 888 834 948 1029 
1853 536 854 472 1049 
1854 823 890 877 961 
1855 501 983 893 1086 
1856 770 921 893 951 
1857 216 872 911 1073 
1858 441 978 899 1075 
1859 869 934 835 998 
1860 884 963 412 1060 
1861 433 938 893 983 
1862 873 834 933 948 
1863 858 412 963 1060 
1864 833 989 913 1005 
1865 288 879 205 1047 
1866 558 559 557 1013 
1867 513 893 929 1086 
1868 441 899 966 1075 
1869 567 874 1006 1152 
1870 474 938 972 1083 
1871 228 930 852 1088 
1872 567 484 874 1152 
1873 871 997 931 1131 
1874 474 1065 938 1083 
1875 835 934 869 967 
1876 415 858 991 992 
1877 826 1040 903 1076 
1878 655 559 897 965 
1879 948 1023 873 1107 
1880 559 897 557 1013 
1881 850 931 871 997 
1882 534 923 854 1022 
1883 847 904 872 1073 
1884 852 988 984 1008 
1885 875 1059 280 1140 
1886 90 986 962 1011 
1887 133 1032 968 1151 
1888 484 968 874 1152 
1889 826 857 889 1028 
1890 835 875 934 967 
1891 834 873 888 1107 
1892 852 988 892 1025 
1893 827 906 877 1001 
1894 823 961 877 1051 
1895 935 998 934 1059 
1896 727 1020 931 1049 
1897 471 854 941 1022 
1898 108 109 90 986 
1899 447 956 881 1092 
1900 893 938 433 1065 
1901 825 915 988 1026 
1902 415 858 647 991 
1903 874 955 676 1006 
1904 837 991 881 1077 
1905 563 982 871 1157 
1906 881 991 928 1077 
1907 825 988 852 1026 
1908 770 513 893 921 
1909 109 962 90 986 
1910 889 936 919 1071 
1911 826 950 904 1028 
1912 667 865 1064 1097 
1913 855 1054 902 1108 
1914 831 880 855 921 
1915 931 997 837 1131 
1916 824 856 886 1118 
1917 899 962 109 986 
1918 843 918 989 995 
1919 856 890 887 1016 
1920 218 869 934 1073 
1921 835 1059 875 1140 
1922 843 913 989 1005 
1923 923 1020 727 1049 
1924 829 877 890 961 
1925 855 880 831 1138 
1926 49 925 922 1130 
1927 864 913 833 989 
1928 85 948 980 1050 
1929 150 193 934 998 
1930 904 1073 847 1141 
1931 826 889 857 976 
1932 827 906 1001 1054 
1933 567 874 676 1006 
1934 866 922 48 943 
1935 946 953 180 994 
1936 277 946 863 1002 
1937 734 895 735 943 
1938 414 884 412 1060 
1939 204 202 345 911 
1940 844 972 938 1083 
1941 829 877 961 989 
1942 872 892 825 1007 
1943 889 900 842 936 
1944 873 948 933 1023 
1945 833 989 1005 1051 
1946 509 867 903 1017 
1947 509 903 867 1040 
1948 511 937 867 1017 
1949 271 852 229 930 
1950 439 893 501 983 
1951 844 938 1065 1083 
1952 52 862 914 925 
1953 108 899 109 986 
1954 267 250 882 1008 
1955 847 934 872 1010 
1956 48 866 943 1145 
1957 879 288 935 1047 
1958 825 915 869 1043 
1959 872 904 847 1121 
1960 902 1054 894 1108 
1961 221 1058 959 1127 
1962 847 872 934 1073 
1963 204 345 872 911 
1964 223 272 879 998 
1965 256 386 974 1055 
1966 875 903 826 1000 
1967 439 433 893 983 
1968 661 99 100 812 
1969 875 826 999 1000 
1970 850 997 871 1012 
1971 250 984 882 1008 
1972 835 935 1059 1140 
1973 539 941 854 1155 
1974 931 1020 923 1049 
1975 345 216 872 911 
1976 108 107 899 986 
1977 723 666 665 891 
1978 903 999 826 1000 
1979 216 911 218 1073 
1980 879 927 205 1047 
1981 770 543 921 951 
1982 862 903 646 1000 
1983 836 859 969 1054 
1984 536 992 854 1049 
1985 825 892 988 1009 
1986 930 1088 228 1159 
1987 549 868 1027 1035 
1988 823 876 1028 1105 
1989 940 968 845 1032 
1990 512 929 921 1041 
1991 852 930 271 1025 
1992 472 854 537 941 
1993 858 963 884 1060 
1994 216 1010 934 1142 
1995 876 857 1028 1105 
1996 182 60 181 899 
1997 823 905 876 1105 
1998 580 991 854 992 
1999 513 921 512 929 
2000 443 937 561 1075 
2001 857 1042 993 1085 
2002 665 81 80 891 
2003 825 911 869 1026 
2004 148 974 927 1055 
2005 85 670 926 1050 
2006 182 181 176 899 
2007 825 869 911 1073 
2008 647 858 963 991 
2009 877 890 823 1126 
2010 884 995 918 1080 
2011 876 905 857 1105 
2012 176 181 61 899 
2013 826 903 875 1076 
2014 837 854 923 991 
2015 655 618 617 965 
2016 841 993 1042 1085 
2017 877 1118 886 1126 
2018 667 865 405 1064 
2019 845 885 1032 1146 
2020 862 925 552 949 
2021 406 865 667 1097 
2022 307 953 946 1002 
2023 889 900 936 1071 
2024 825 892 872 1073 
2025 886 890 856 1016 
2026 570 908 1034 1045 
2027 474 972 938 1157 
2028 903 949 646 1017 
2029 883 924 518 1035 
2030 824 887 856 975 
2031 447 881 5 1092 
2032 676 567 484 874 
2033 833 1004 864 1104 
2034 855 831 952 1138 
2035 859 836 932 1054 
2036 824 975 856 1118 
2037 887 958 856 975 
2038 412 884 414 963 
2039 598 108 90 986 
2040 972 1057 938 1157 
2041 447 5 881 996 
2042 570 908 965 1034 
2043 595 960 909 1038 
2044 294 918 995 1080 
2045 734 916 895 943 
2046 833 1001 1004 1104 
2047 827 886 877 1118 
2048 770 514 513 921 
2049 264 1059 935 1140 
2050 836 859 901 1019 
2051 833 1001 909 1004 
2052 958 975 887 1039 
2053 825 892 852 988 
2054 86 85 926 948 
2055 867 903 826 1040 
2056 415 991 580 992 
2057 867 826 966 1040 
2058 149 911 368 1026 
2059 828 936 919 944 
2060 984 988 882 1008 
2061 280 316 273 875 
2062 61 181 60 899 
2063 234 922 49 925 
2064 406 1083 865 1097 
2065 826 870 966 1076 
2066 564 871 563 982 
2067 959 1058 882 1127 
2068 518 924 883 1037 
2069 549 868 530 1027 
2070 687 448 653 923 
2071 467 895 916 1036 
2072 906 952 831 1138 
2073 5 881 996 1092 
2074 827 1118 877 1126 
2075 867 966 441 1040 
2076 836 901 859 932 
2077 216 218 934 1073 
2078 904 872 1007 1121 
2079 837 881 1021 1077 
2080 928 1021 881 1077 
2081 501 458 983 1086 
2082 476 938 474 1065 
2083 826 889 950 1028 
2084 906 969 877 1001 
2085 829 886 877 928 
2086 441 966 867 1075 
2087 869 911 149 1026 
2088 277 187 863 946 
2089 52 914 365 925 
2090 825 1007 892 1009 
2091 48 866 49 922 
2092 539 537 854 941 
2093 853 892 1007 1009 
2094 530 868 549 1113 
2095 889 936 842 944 
2096 830 943 916 985 
2097 570 766 908 1045 
2098 82 859 901 932 
2099 545 956 447 1092 
2100 533 923 727 1049 
2101 830 895 916 943 
2102 687 533 534 923 
2103 837 977 898 997 
2104 552 646 862 949 
2105 763 513 512 929 
2106 831 921 893 929 
2107 688 990 955 1036 
2108 12 968 133 1066 
2109 867 937 443 1075 
2110 838 962 899 986 
2111 769 792 721 703 
2112 892 1007 872 1018 
2113 823 900 890 961 
2114 441 899 59 966 
2115 829 890 886 1016 
2116 415 647 580 991 
2117 49 922 866 1130 
2118 824 886 945 1118 
2119 183 182 899 1095 
2120 59 899 441 978 
2121 953 1002 307 1150 
2122 180 953 280 994 
2123 723 529 665 666 
2124 164 970 910 1102 
2125 82 901 859 1038 
2126 886 1118 856 1126 
2127 595 909 960 1061 
2128 837 854 991 992 
2129 875 934 967 1141 
2130 575 1041 921 1093 
2131 845 874 940 981 
2132 314 872 295 1010 
2133 534 471 854 1049 
2134 513 929 763 1086 
2135 52 552 862 925 
2136 843 1005 989 1051 
2137 918 989 884 1160 
2138 916 1003 416 1036 
2139 756 860 730 982 
2140 316 1000 875 1140 
2141 267 1008 882 1127 
2142 853 912 892 1009 
2143 601 414 884 963 
2144 881 996 923 1064 
2145 204 203 202 911 
2146 969 1001 906 1054 
2147 855 831 921 952 
2148 929 973 831 1107 
2149 529 728 666 891 
2150 82 859 932 1079 
2151 836 969 859 1019 
2152 853 933 948 1147 
2153 780 520 72 1049 
2154 298 148 359 1055 
2155 861 831 929 973 
2156 887 936 845 1089 
2157 871 1057 972 1157 
2158 903 994 875 1076 
2159 864 833 913 1056 
2160 862 832 925 976 
2161 529 666 723 891 
2162 859 82 1038 1079 
2163 234 922 925 957 
2164 871 931 850 1119 
2165 942 971 608 1038 
2166 133 968 12 1151 
2167 826 976 857 999 
2168 48 49 866 1145 
2169 827 894 956 1084 
2170 256 155 386 1055 
2171 844 938 972 1057 
2172 150 218 869 934 
2173 839 968 940 1032 
2174 448 923 996 1064 
2175 571 730 583 860 
2176 929 1011 973 1107 
2177 735 943 895 1037 
2178 885 940 845 1032 
2179 892 911 852 1112 
2180 858 1060 829 1098 
2181 770 543 514 921 
2182 30 32 912 971 
2183 647 858 412 963 
2184 575 512 921 1041 
2185 676 955 874 1036 
2186 837 923 881 991 
2187 273 875 316 1000 
2188 826 857 904 999 
2189 824 945 975 1118 
2190 312 1040 966 1156 
2191 312 863 1040 1156 
2192 827 928 886 1021 
2193 294 884 918 1080 
2194 824 940 887 975 
2195 655 897 618 965 
2196 841 1042 993 1043 
2197 884 989 1149 1160 
2198 853 926 1018 1050 
2199 838 888 873 973 
2200 747 478 444 1013 
2201 853 1009 933 1147 
2202 943 985 830 1134 
2203 898 977 850 997 
2204 845 940 874 968 
2205 872 847 917 1121 
2206 595 431 960 1038 
2207 853 948 926 1050 
2208 319 320 957 979 
2209 825 988 915 1043 
2210 261 48 49 922 
2211 854 996 991 1155 
2212 666 699 665 891 
2213 693 478 718 1013 
2214 405 667 406 865 
2215 193 934 998 1059 
2216 940 887 975 1039 
2217 48 943 624 1145 
2218 655 617 559 965 
2219 991 996 63 1155 
2220 591 963 1004 1015 
2221 922 925 866 1130 
2222 320 922 318 957 
2223 887 919 856 958 
2224 865 1020 405 1064 
2225 836 948 933 1147 
2226 834 888 873 1148 
2227 892 911 872 1073 
2228 902 956 894 1084 
2229 845 936 887 1122 
2230 872 911 892 1018 
2231 858 829 1077 1098 
2232 355 879 272 998 
2233 730 860 571 1034 
2234 162 927 148 974 
2235 530 1027 868 1113 
2236 823 900 961 1105 
2237 345 295 314 872 
2238 511 867 509 1017 
2239 874 968 940 1014 
2240 833 959 913 1056 
2241 61 426 108 899 
2242 545 447 5 1092 
2243 59 312 966 1156 
2244 836 969 906 1054 
2245 217 869 218 911 
2246 932 1054 836 1138 
2247 833 959 942 1058 
2248 245 964 913 995 
2249 920 1003 44 1103 
2250 839 1014 860 1110 
2251 826 966 870 1024 
2252 439 501 458 983 
2253 472 473 471 941 
2254 859 1001 909 1019 
2255 287 872 314 1010 
2256 53 914 862 1000 
2257 354 918 979 1033 
2258 203 911 892 1112 
2259 407 865 972 1020 
2260 923 1020 931 1131 
2261 245 964 995 1033 
2262 72 739 780 1049 
2263 842 883 868 1117 
2264 837 923 854 1049 
2265 518 924 556 1035 
2266 30 32 31 912 
2267 842 868 937 1137 
2268 868 883 842 1027 
2269 865 1083 902 1097 
2270 570 908 766 965 
2271 559 700 897 965 
2272 923 931 837 1131 
2273 842 868 936 1117 
2274 564 871 982 1120 
2275 871 850 1012 1119 
2276 857 905 1042 1085 
2277 863 966 870 1076 
2278 467 468 895 1036 
2279 467 916 416 1036 
2280 111 110 978 1158 
2281 676 688 955 1036 
2282 839 860 908 1110 
2283 835 879 1047 1102 
2284 647 963 64 991 
2285 291 946 180 994 
2286 906 836 1054 1138 
2287 560 60 899 978 
2288 277 307 946 1002 
2289 414 412 413 1060 
2290 988 1008 852 1088 
2291 580 854 729 992 
2292 221 212 1058 1127 
2293 909 942 833 959 
2294 842 936 883 1117 
2295 909 1001 833 1019 
2296 63 996 574 1155 
2297 552 862 646 1000 
2298 365 925 914 1074 
2299 860 730 982 1034 
2300 893 983 840 1086 
2301 832 862 925 993 
2302 212 267 250 882 
2303 30 628 798 971 
2304 912 971 270 1025 
2305 12 133 1030 1066 
2306 835 879 935 1047 
2307 189 1003 916 1103 
2308 873 888 838 1148 
2309 72 931 727 1120 
2310 59 966 899 1156 
2311 865 406 972 1083 
2312 408 956 894 1097 
2313 188 918 884 920 
2314 405 865 406 972 
2315 832 976 862 993 
2316 827 877 906 1126 
2317 23 1018 68 1050 
2318 875 994 903 1000 
2319 904 950 933 1028 
2320 834 933 904 950 
2321 820 817 281 946 
2322 837 854 992 1049 
2323 922 979 323 1125 
2324 845 1089 936 1117 
2325 866 925 832 1154 
2326 934 847 1073 1141 
2327 223 879 288 935 
2328 909 959 833 1004 
2329 826 870 950 1024 
2330 918 961 851 1101 
2331 211 892 23 912 
2332 881 865 956 1064 
2333 110 947 878 1158 
2334 870 899 838 966 
2335 940 968 839 1014 
2336 833 864 989 1104 
2337 860 982 756 1157 
2338 733 895 470 924 
2339 110 111 947 1158 
2340 426 899 60 978 
2341 32 210 31 912 
2342 773 416 916 1003 
2343 319 957 896 979 
2344 320 922 957 979 
2345 312 863 57 1040 
2346 917 1007 872 1121 
2347 110 878 947 962 
2348 620 971 901 1038 
2349 288 223 205 879 
2350 925 976 832 1154 
2351 845 940 887 981 
2352 83 932 980 1116 
2353 179 1018 926 1050 
2354 253 879 970 1102 
2355 1001 1054 859 1091 
2356 842 937 944 1137 
2357 610 1056 864 1080 
2358 729 539 536 854 
2359 901 971 942 1038 
2360 219 892 203 1018 
2361 176 183 182 899 
2362 987 1132 1052 1136 
2363 729 854 536 992 
2364 855 951 902 952 
2365 866 922 832 925 
2366 324 267 1008 1088 
2367 828 944 919 1139 
2368 665 699 81 891 
2369 570 1034 571 1045 
2370 862 903 999 1031 
2371 839 908 860 1034 
2372 831 1023 906 1138 
2373 730 80 982 1034 
2374 407 865 405 972 
2375 945 997 871 1131 
2376 354 979 322 1033 
2377 30 31 210 912 
2378 295 872 216 1010 
2379 843 961 918 1101 
2380 439 434 433 983 
2381 1004 1015 963 1144 
2382 841 993 910 1043 
2383 564 455 563 871 
2384 871 997 945 1012 
2385 931 1020 727 1120 
2386 1047 1102 914 1140 
2387 83 980 932 1096 
2388 256 974 299 1055 
2389 571 860 583 1045 
2390 271 984 852 1025 
2391 602 963 864 1004 
2392 893 938 840 983 
2393 152 180 946 953 
2394 882 984 212 1058 
2395 828 919 973 1139 
2396 835 1047 935 1140 
2397 467 895 734 916 
2398 474 938 476 1157 
2399 234 925 49 1130 
2400 835 1102 1047 1140 
2401 408 894 410 1097 
2402 826 999 903 1031 
2403 887 890 830 981 
2404 448 687 689 1022 
2405 561 878 978 1075 
2406 544 894 956 960 
2407 690 1032 908 1100 
2408 470 924 895 1044 
2409 288 205 167 1047 
2410 882 1058 212 1127 
2411 573 63 574 1155 
2412 870 1076 826 1121 
2413 823 919 889 1028 
2414 653 923 448 1064 
2415 823 873 919 1028 
2416 866 943 1087 1134 
2417 507 527 528 1013 
2418 417 1003 990 1036 
2419 314 204 345 872 
2420 843 961 989 1160 
2421 378 57 312 863 
2422 544 894 408 956 
2423 85 670 86 926 
2424 367 388 169 1053 
2425 287 314 872 1063 
2426 601 412 414 963 
2427 823 876 905 1051 
2428 135 271 930 1025 
2429 845 1122 885 1146 
2430 52 862 53 914 
2431 212 882 250 984 
2432 833 942 909 1019 
2433 288 170 935 1047 
2434 827 906 1118 1126 
2435 843 989 918 1160 
2436 962 986 838 1011 
2437 851 916 943 985 
2438 823 905 961 1051 
2439 851 985 943 1134 
2440 552 949 925 1130 
2441 878 978 110 1158 
2442 53 862 552 1000 
2443 835 914 1102 1140 
2444 853 1007 892 1018 
2445 478 718 696 694 
2446 831 929 893 1086 
2447 189 44 1003 1103 
2448 583 1045 860 1157 
2449 960 859 1054 1091 
2450 85 980 948 1116 
2451 378 312 200 863 
2452 471 534 854 1022 
2453 205 927 167 1047 
2454 838 870 966 1024 
2455 280 953 875 994 
2456 319 320 318 957 
2457 860 571 1034 1045 
2458 511 510 937 1017 
2459 858 898 1060 1098 
2460 837 858 991 1077 
2461 858 829 1060 1149 
2462 55 946 291 994 
2463 556 924 518 1037 
2464 843 964 1005 1085 
2465 840 885 908 1110 
2466 86 948 926 1029 
2467 926 834 954 1029 
2468 234 260 922 957 
2469 216 217 218 911 
2470 323 979 1103 1125 
2471 481 898 990 1128 
2472 222 998 935 1059 
2473 345 202 215 911 
2474 415 858 992 1094 
2475 841 882 964 1005 
2476 312 200 863 1156 
2477 463 941 539 1155 
2478 929 861 973 1011 
2479 928 991 858 1077 
2480 866 832 1048 1154 
2481 610 39 1056 1080 
2482 967 993 857 1043 
2483 833 882 959 1058 
2484 827 956 1021 1084 
2485 833 882 1058 1123 
2486 470 468 675 895 
2487 841 964 882 1008 
2488 830 981 890 985 
2489 86 948 1029 1116 
2490 48 624 49 1145 
2491 828 973 944 1139 
2492 840 908 885 1100 
2493 234 260 49 922 
2494 663 620 608 971 
2495 441 867 443 1075 
2496 281 817 819 946 
2497 530 937 1027 1113 
2498 604 960 431 1038 
2499 846 988 984 1025 
2500 48 943 922 1125 
2501 842 937 867 944 
2502 87 926 954 1029 
2503 845 874 981 1089 
2504 914 316 1047 1140 
2505 221 959 214 1127 
2506 662 646 949 1017 
2507 280 875 953 1059 
2508 858 1077 898 1098 
2509 743 908 766 1045 
2510 862 976 925 1154 
2511 827 928 1021 1091 
2512 888 954 88 986 
2513 827 1054 1001 1091 
2514 851 1103 979 1125 
2515 887 890 856 1071 
2516 903 994 639 1000 
2517 837 991 858 992 
2518 836 876 1019 1147 
2519 867 937 842 1017 
2520 823 900 889 1071 
2521 826 867 966 1024 
2522 328 879 355 998 
2523 181 183 182 176 
2524 866 1048 943 1134 
2525 412 858 413 1060 
2526 150 998 869 1143 
2527 825 911 892 1073 
2528 407 405 865 1020 
2529 866 832 922 1048 
2530 839 860 1014 1034 
2531 876 969 836 1019 
2532 575 577 1041 1093 
2533 303 953 307 1150 
2534 158 927 301 974 
2535 842 900 889 1154 
2536 1052 1132 947 1136 
2537 893 938 844 1114 
2538 862 999 903 1000 
2539 877 928 1001 1104 
2540 529 728 891 1090 
2541 549 1027 553 1035 
2542 326 922 323 1125 
2543 345 215 216 911 
2544 870 838 899 986 
2545 828 887 919 936 
2546 149 869 217 911 
2547 875 967 835 999 
2548 112 111 113 588 
2549 861 831 958 1086 
2550 714 888 1011 1041 
2551 270 1025 971 1133 
2552 544 960 956 1092 
2553 827 1021 956 1091 
2554 135 1025 930 1112 
2555 855 921 951 952 
2556 360 879 164 1055 
2557 601 963 884 1080 
2558 267 882 212 1127 
2559 734 916 943 1125 
2560 928 991 881 1144 
2561 993 1042 857 1043 
2562 345 216 295 872 
2563 221 212 364 1058 
2564 817 820 281 819 
2565 675 470 895 1044 
2566 955 1036 990 1062 
2567 891 982 80 1034 
2568 759 951 902 1108 
2569 458 987 983 1086 
2570 288 168 170 1047 
2571 64 991 963 1144 
2572 859 960 909 1001 
2573 909 960 848 1001 
2574 831 861 929 1086 
2575 851 979 922 1125 
2576 857 905 876 1042 
2577 856 1071 890 1126 
2578 529 891 723 1090 
2579 513 514 512 921 
2580 909 859 1019 1038 
2581 895 924 733 1037 
2582 253 970 164 1102 
2583 855 952 906 1138 
2584 870 826 950 1121 
2585 743 908 983 1100 
2586 673 511 510 937 
2587 838 973 873 1139 
2588 837 931 923 1049 
2589 187 200 863 946 
2590 873 933 834 950 
2591 620 608 971 1038 
2592 559 700 557 897 
2593 938 975 844 1114 
2594 882 913 833 959 
2595 853 980 948 1050 
2596 852 984 988 1025 
2597 409 408 544 894 
2598 735 734 469 895 
2599 703 792 721 941 
2600 417 990 688 1036 
2601 714 1011 929 1041 
2602 467 469 734 895 
2603 551 549 868 1113 
2604 792 703 737 535 
2605 176 183 899 1095 
2606 915 1008 988 1088 
2607 138 332 333 911 
2608 919 1071 856 1126 
2609 840 938 893 1114 
2610 138 368 332 911 
2611 845 981 887 1089 
2612 455 871 564 1120 
2613 841 910 993 1085 
2614 43 920 884 1060 
2615 960 1054 894 1091 
2616 879 935 223 998 
2617 280 180 153 953 
2618 675 895 468 1036 
2619 851 979 918 1101 
2620 730 723 80 1034 
2621 671 878 561 937 
2622 386 155 156 1055 
2623 316 914 1000 1140 
2624 448 996 447 1064 
2625 863 946 56 994 
2626 110 878 962 978 
2627 625 734 735 943 
2628 471 472 854 1049 
2629 443 867 511 937 
2630 895 1036 675 1044 
2631 919 936 887 1071 
2632 823 889 919 1071 
2633 638 994 903 1040 
2634 853 926 1007 1018 
2635 1007 1018 926 1063 
2636 904 1007 872 1073 
2637 211 892 912 1025 
2638 824 975 1057 1110 
2639 544 894 960 1079 
2640 481 1094 898 1128 
2641 598 107 108 986 
2642 899 962 838 978 
2643 149 217 368 911 
2644 830 890 887 1071 
2645 881 991 62 1015 
2646 842 937 868 1027 
2647 784 81 80 665 
2648 898 977 481 990 
2649 265 914 316 1047 
2650 606 909 942 1038 
2651 729 580 579 854 
2652 467 773 416 916 
2653 823 1028 876 1081 
2654 378 863 200 946 
2655 919 944 889 1139 
2656 72 931 739 1049 
2657 881 923 865 1064 
2658 829 928 877 989 
2659 56 863 994 1040 
2660 890 985 981 1016 
2661 831 861 958 973 
2662 655 656 618 897 
2663 601 884 414 1080 
2664 839 940 1014 1110 
2665 860 1014 1012 1110 
2666 934 1010 847 1142 
2667 880 1023 831 1138 
2668 838 950 870 1024 
2669 843 918 961 1160 
2670 759 742 951 1108 
2671 544 409 894 1079 
2672 839 908 940 1110 
2673 139 869 149 1026 
2674 910 914 835 993 
2675 55 56 946 994 
2676 844 902 951 952 
2677 829 1149 989 1160 
2678 551 549 550 868 
2679 250 1008 267 1088 
2680 862 949 903 1031 
2681 834 1121 1046 1148 
2682 838 1139 873 1148 
2683 971 1025 912 1133 
2684 214 959 913 1127 
2685 914 925 862 1074 
2686 848 1015 1004 1144 
2687 261 48 922 1125 
2688 151 998 150 1143 
2689 675 676 484 874 
2690 481 977 898 1094 
2691 824 1012 1014 1110 
2692 544 956 545 1092 
2693 415 1060 858 1094 
2694 872 917 847 1010 
2695 990 1003 849 1036 
2696 415 412 647 858 
2697 917 1046 834 1121 
2698 913 964 843 995 
2699 510 937 1017 1027 
2700 843 989 961 1051 
2701 602 864 610 1004 
2702 692 766 908 965 
2703 882 1008 964 1127 
2704 983 987 840 1086 
2705 843 961 905 1051 
2706 324 250 267 1088 
2707 843 995 964 1033 
2708 900 976 889 1154 
2709 265 381 914 1047 
2710 834 948 926 1007 
2711 830 1087 943 1134 
2712 891 1014 860 1034 
2713 833 989 1051 1104 
2714 476 474 477 1065 
2715 853 926 948 1007 
2716 842 944 867 1031 
2717 561 978 878 1158 
2718 840 861 958 1086 
2719 840 975 938 1114 
2720 874 940 981 1014 
2721 270 912 32 971 
2722 826 889 976 1031 
2723 854 991 580 1155 
2724 830 936 887 1089 
2725 910 957 896 1129 
2726 827 956 894 1091 
2727 816 450 815 1146 
2728 30 912 628 971 
2729 155 387 1055 1102 
2730 823 890 900 1071 
2731 874 968 484 1044 
2732 834 926 917 1007 
2733 900 1048 832 1154 
2734 922 943 866 1048 
2735 219 23 892 1018 
2736 68 209 23 912 
2737 843 1005 905 1085 
2738 872 1010 287 1063 
2739 57 863 378 946 
2740 86 85 948 1116 
2741 851 961 918 1160 
2742 591 963 602 1004 
2743 56 863 57 946 
2744 915 988 852 1088 
2745 832 976 900 1154 
2746 923 991 854 996 
2747 193 998 222 1059 
2748 492 491 615 1022 
2749 849 916 895 1036 
2750 743 983 908 1045 
2751 219 203 892 1112 
2752 828 944 973 1109 
2753 826 903 867 1031 
2754 926 948 834 1029 
2755 887 940 845 1122 
2756 913 964 245 1127 
2757 51 552 925 1130 
2758 687 923 653 1064 
2759 885 940 908 1110 
2760 846 1009 912 1147 
2761 866 1087 1048 1134 
2762 844 938 893 1065 
2763 433 435 938 983 
2764 234 925 233 957 
2765 245 248 964 1033 
2766 187 863 200 1156 
2767 307 303 946 953 
2768 882 833 913 1005 
2769 845 1030 1122 1146 
2770 928 1091 1001 1104 
2771 870 1002 863 1076 
2772 723 891 80 1034 
2773 699 81 891 1082 
2774 852 988 915 1026 
2775 150 193 218 934 
2776 312 58 966 1040 
2777 853 948 933 1007 
2778 287 314 295 1010 
2779 844 951 893 1114 
2780 690 132 1032 1100 
2781 844 952 951 1114 
2782 162 141 927 974 
2783 851 943 922 1048 
2784 909 1019 942 1038 
2785 60 426 61 899 
2786 591 609 963 1015 
2787 539 854 579 1155 
2788 264 935 170 1047 
2789 198 281 200 946 
2790 940 1039 975 1110 
2791 294 995 224 1080 
2792 54 639 994 1000 
2793 839 940 908 1032 
2794 908 940 885 1032 
2795 877 1051 989 1104 
2796 164 360 253 879 
2797 884 1060 829 1149 
2798 53 52 552 862 
2799 550 868 549 1035 
2800 841 988 882 1005 
2801 873 823 919 1069 
2802 557 897 700 1013 
2803 673 937 510 1027 
2804 925 993 862 1074 
2805 844 902 952 1084 
2806 610 864 602 1080 
2807 690 132 965 1032 
2808 890 981 887 1016 
2809 509 903 637 1017 
2810 441 443 561 1075 
2811 964 1005 882 1127 
2812 404 645 81 1120 
2813 687 653 448 689 
2814 659 478 747 1013 
2815 617 558 655 559 
2816 675 874 484 1044 
2817 884 920 829 1060 
2818 328 355 272 998 
2819 659 718 478 1013 
2820 853 912 1009 1147 
2821 940 975 824 1110 
2822 881 991 923 996 
2823 838 944 878 1109 
2824 909 960 859 1038 
2825 960 1001 859 1091 
2826 301 927 141 974 
2827 823 889 900 1105 
2828 258 896 319 957 
2829 930 1025 852 1112 
2830 878 944 838 1075 
2831 865 1021 956 1084 
2832 883 936 842 1087 
2833 708 1006 955 1082 
2834 139 149 368 1026 
2835 861 840 987 1086 
2836 841 988 1005 1042 
2837 861 840 958 1052 
2838 83 980 84 1116 
2839 690 965 908 1032 
2840 838 888 973 1011 
2841 152 153 180 953 
2842 842 889 976 1154 
2843 837 977 931 992 
2844 560 422 60 978 
2845 917 1007 926 1063 
2846 917 834 1046 1106 
2847 919 958 887 1039 
2848 845 1117 936 1122 
2849 59 312 58 966 
2850 823 961 905 1105 
2851 35 942 909 959 
2852 233 957 925 1074 
2853 731 527 897 1090 
2854 168 288 167 1047 
2855 835 910 993 1043 
2856 824 945 1012 1057 
2857 467 468 469 895 
2858 954 1046 834 1106 
2859 873 973 888 1107 
2860 832 993 925 1074 
2861 910 1043 970 1072 
2862 910 841 1043 1072 
2863 368 911 138 1026 
2864 335 228 1088 1159 
2865 422 426 60 978 
2866 877 961 989 1051 
2867 743 749 983 1045 
2868 676 874 675 1036 
2869 823 876 1051 1081 
2870 57 863 56 1040 
2871 824 975 945 1057 
2872 982 1057 871 1157 
2873 163 957 910 1129 
2874 926 1018 179 1063 
2875 176 899 107 1095 
2876 837 992 931 1049 
2877 829 961 890 985 
2878 923 996 854 1022 
2879 835 914 910 1102 
2880 840 861 987 1052 
2881 991 1015 881 1144 
2882 931 992 977 1049 
2883 879 927 387 1055 
2884 27 179 926 1050 
2885 859 1001 969 1054 
2886 958 1086 831 1114 
2887 424 111 978 1158 
2888 846 912 1025 1133 
2889 387 927 879 1047 
2890 826 875 999 1076 
2891 608 612 663 971 
2892 828 947 907 1109 
2893 828 919 887 1039 
2894 723 665 80 891 
2895 281 283 282 820 
2896 909 1001 848 1004 
2897 823 1071 919 1126 
2898 494 1132 987 1136 
2899 866 943 1037 1087 
2900 597 109 90 108 
2901 163 896 957 1129 
2902 229 930 228 1159 
2903 824 887 981 1016 
2904 857 876 1028 1115 
2905 837 997 886 1131 
2906 982 1082 81 1119 
2907 907 947 828 1052 
2908 873 933 950 1028 
2909 52 365 51 925 
2910 445 408 410 1097 
2911 549 530 553 1027 
2912 904 1028 933 1115 
2913 83 84 980 1096 
2914 550 551 868 1030 
2915 58 441 966 1040 
2916 509 637 903 1040 
2917 733 470 679 924 
2918 318 320 326 922 
2919 910 957 832 1085 
2920 916 1003 920 1103 
2921 477 1065 474 1083 
2922 56 994 638 1040 
2923 109 962 899 978 
2924 740 739 939 977 
2925 86 1029 755 1116 
2926 230 212 984 1058 
2927 842 936 900 1087 
2928 516 518 556 1035 
2929 887 940 824 981 
2930 628 971 912 1096 
2931 49 1130 866 1145 
2932 747 775 444 478 
2933 314 178 204 872 
2934 901 912 846 971 
2935 843 905 1005 1051 
2936 718 696 659 478 
2937 838 986 870 1148 
2938 887 1039 940 1122 
2939 848 1004 1001 1104 
2940 620 901 82 1038 
2941 30 623 32 971 
2942 417 416 1003 1036 
2943 323 922 326 979 
2944 821 239 819 946 
2945 888 954 834 1029 
2946 53 316 914 1000 
2947 570 722 571 1034 
2948 910 970 835 1102 
2949 828 1052 947 1109 
2950 1001 1091 848 1104 
2951 824 981 940 1014 
2952 328 970 879 998 
2953 164 155 1055 1102 
2954 699 666 777 891 
2955 928 848 1091 1104 
2956 442 867 441 1040 
2957 831 880 921 1041 
2958 933 948 834 1007 
2959 868 1027 937 1113 
2960 887 856 919 1071 
2961 389 388 169 367 
2962 837 881 923 1021 
2963 433 434 435 983 
2964 36 959 909 1004 
2965 575 577 512 1041 
2966 1005 1042 988 1123 
2967 949 1017 903 1031 
2968 866 1087 1037 1145 
2969 217 149 218 869 
2970 349 362 974 1067 
2971 766 743 692 908 
2972 898 977 837 992 
2973 1060 1098 898 1128 
2974 527 897 528 1013 
2975 831 873 973 1069 
2976 138 1026 333 1112 
2977 884 1149 829 1160 
2978 253 1072 251 1129 
2979 512 514 575 921 
2980 317 922 326 1125 
2981 825 872 1007 1073 
2982 835 970 910 1043 
2983 849 1003 916 1036 
2984 879 1055 387 1102 
2985 828 887 936 1122 
2986 589 883 517 1035 
2987 880 1041 831 1107 
2988 455 972 871 1020 
2989 728 777 666 891 
2990 205 927 879 1055 
2991 561 424 978 1158 
2992 957 979 922 1101 
2993 856 1118 906 1126 
2994 873 831 973 1107 
2995 987 1068 459 1136 
2996 136 804 297 930 
2997 595 604 431 1038 
2998 967 999 875 1141 
2999 604 960 1038 1079 
3000 82 901 83 932 
3001 931 939 739 977 
3002 150 218 149 869 
3003 561 978 441 1075 
3004 798 628 622 971 
3005 424 111 110 978 
3006 562 1094 481 1128 
3007 826 976 999 1031 
3008 164 1055 879 1102 
3009 897 965 701 1151 
3010 290 1010 216 1142 
3011 886 997 945 1131 
3012 835 993 967 1043 
3013 534 533 471 1049 
3014 858 837 992 1077 
3015 827 894 1054 1091 
3016 610 1004 864 1056 
3017 178 872 314 1063 
3018 881 956 865 1021 
3019 835 970 869 998 
3020 63 991 64 1144 
3021 357 207 10 1106 
3022 407 405 406 972 
3023 962 1068 861 1136 
3024 138 1026 930 1088 
3025 147 148 162 927 
3026 873 823 1069 1081 
3027 679 924 470 1044 
3028 869 970 835 1043 
3029 125 946 303 953 
3030 735 625 943 1037 
3031 802 804 171 1159 
3032 956 1021 881 1091 
3033 910 914 993 1074 
3034 832 925 922 957 
3035 891 81 982 1082 
3036 895 981 849 1036 
3037 830 985 890 1134 
3038 551 868 1030 1113 
3039 890 961 900 1134 
3040 62 881 1015 1092 
3041 840 1039 885 1110 
3042 209 210 23 912 
3043 896 957 910 1085 
3044 828 958 1052 1109 
3045 703 769 792 737 
3046 857 993 967 999 
3047 537 473 472 941 
3048 91 1068 962 1136 
3049 729 579 539 854 
3050 864 1004 963 1104 
3051 843 918 979 1101 
3052 834 1046 954 1148 
3053 53 552 646 1000 
3054 667 1064 668 1097 
3055 870 1046 1121 1148 
3056 700 701 897 965 
3057 703 535 792 941 
3058 35 909 36 959 
3059 901 971 620 1096 
3060 829 1060 920 1098 
3061 1048 1087 900 1134 
3062 828 1109 907 1137 
3063 401 110 400 962 
3064 62 991 881 996 
3065 902 951 855 1108 
3066 879 835 970 1102 
3067 863 953 946 994 
3068 230 364 212 1058 
3069 917 926 834 1106 
3070 905 1048 832 1105 
3071 455 1020 871 1120 
3072 861 1052 958 1109 
3073 253 164 879 1102 
3074 703 737 535 1022 
3075 232 959 36 1004 
3076 995 1056 343 1080 
3077 962 1011 861 1068 
3078 888 973 1011 1107 
3079 944 1024 867 1031 
3080 891 1012 860 1014 
3081 602 864 963 1080 
3082 843 964 913 1005 
3083 646 903 639 1000 
3084 581 880 755 1029 
3085 823 890 1071 1126 
3086 490 574 996 1022 
3087 843 896 964 1085 
3088 819 822 821 946 
3089 842 1017 937 1027 
3090 865 923 881 1021 
3091 579 463 539 1155 
3092 662 1017 949 1078 
3093 913 959 882 1127 
3094 763 512 420 929 
3095 916 985 920 1098 
3096 832 976 993 1105 
3097 916 920 1003 1098 
3098 846 971 912 1133 
3099 441 59 58 966 
3100 533 72 520 1049 
3101 264 170 168 1047 
3102 835 875 999 1140 
3103 800 648 799 1015 
3104 32 270 210 912 
3105 202 203 292 911 
3106 138 1088 930 1159 
3107 866 1037 943 1145 
3108 647 603 64 963 
3109 138 911 333 1026 
3110 967 857 1042 1043 
3111 832 957 922 1101 
3112 831 873 1069 1107 
3113 182 59 60 899 
3114 831 906 1023 1069 
3115 509 511 442 867 
3116 828 973 958 1109 
3117 708 777 1006 1082 
3118 163 957 337 1074 
3119 829 961 985 1160 
3120 619 983 749 1045 
3121 840 1086 958 1114 
3122 759 664 902 951 
3123 149 869 139 1143 
3124 1035 1066 1030 1117 
3125 415 580 729 992 
3126 904 826 1076 1121 
3127 905 832 1048 1101 
3128 861 958 973 1109 
3129 6 209 68 912 
3130 273 280 875 994 
3131 838 966 899 1075 
3132 931 977 538 1049 
3133 858 1060 898 1094 
3134 744 1083 406 1097 
3135 868 550 1030 1035 
3136 367 169 144 1053 
3137 828 958 919 1039 
3138 894 960 859 1054 
3139 317 261 326 922 
3140 513 501 893 1086 
3141 91 1011 962 1068 
3142 938 844 975 1057 
3143 853 1007 933 1009 
3144 467 416 468 1036 
3145 606 909 35 942 
3146 227 229 228 1159 
3147 256 336 155 1055 
3148 848 960 909 1061 
3149 319 896 321 979 
3150 958 1069 856 1114 
3151 30 798 623 971 
3152 838 899 978 1075 
3153 973 1109 944 1139 
3154 56 291 55 946 
3155 880 755 1029 1116 
3156 908 1045 840 1110 
3157 714 419 929 1011 
3158 511 443 442 867 
3159 177 926 179 1063 
3160 540 410 894 1097 
3161 547 12 1030 1066 
3162 320 326 922 979 
3163 837 1021 923 1131 
3164 841 1005 905 1042 
3165 755 880 581 1093 
3166 180 280 291 994 
3167 327 879 360 1055 
3168 825 869 967 1043 
3169 610 602 39 1080 
3170 563 756 982 1157 
3171 834 873 950 1148 
3172 907 1109 947 1137 
3173 356 264 280 1059 
3174 768 485 716 1124 
3175 185 59 899 1156 
3176 570 965 722 1034 
3177 829 858 1077 1149 
3178 519 490 996 1022 
3179 530 937 673 1027 
3180 928 858 991 1144 
3181 877 989 928 1104 
3182 43 188 884 920 
3183 840 908 983 1045 
3184 874 675 1036 1044 
3185 846 912 901 1147 
3186 834 904 933 1007 
3187 670 27 926 1050 
3188 722 965 618 1090 
3189 977 992 538 1049 
3190 481 990 523 1128 
3191 211 1025 135 1112 
3192 282 281 820 819 
3193 823 1051 877 1126 
3194 860 1012 982 1057 
3195 862 914 993 1140 
3196 261 922 317 1125 
3197 110 947 400 962 
3198 846 942 1058 1123 
3199 630 971 628 1096 
3200 671 878 937 1113 
3201 136 134 804 930 
3202 600 947 1132 1136 
3203 829 1016 886 1077 
3204 862 925 949 1154 
3205 896 832 957 1085 
3206 211 912 270 1025 
3207 846 1019 942 1123 
3208 581 1041 577 1093 
3209 952 975 844 1118 
3210 401 91 962 1136 
3211 417 674 688 990 
3212 984 988 846 1123 
3213 255 341 254 974 
3214 356 935 264 1059 
3215 570 569 766 1045 
3216 721 941 792 1124 
3217 428 747 444 1013 
3218 263 1008 964 1072 
3219 404 809 645 641 
3220 810 404 81 1120 
3221 855 921 880 1093 
3222 876 933 836 1081 
3223 831 921 929 1041 
3224 317 326 323 1125 
3225 875 1141 953 1142 
3226 827 906 952 1118 
3227 280 953 370 1059 
3228 875 934 1141 1142 
3229 575 576 577 1093 
3230 724 932 83 1116 
3231 838 870 950 1148 
3232 961 1048 905 1105 
3233 922 943 851 1125 
3234 952 856 1069 1114 
3235 941 1022 854 1155 
3236 413 412 415 858 
3237 901 846 942 971 
3238 273 994 875 1000 
3239 259 319 258 896 
3240 965 1032 701 1151 
3241 884 829 920 1160 
3242 1037 1087 830 1117 
3243 982 1012 871 1057 
3244 413 858 415 1060 
3245 893 831 1086 1114 
3246 873 1139 950 1148 
3247 230 212 250 984 
3248 842 889 944 1031 
3249 901 932 836 980 
3250 744 902 1083 1097 
3251 1002 1076 870 1121 
3252 936 1122 868 1137 
3253 409 410 408 894 
3254 835 993 914 1140 
3255 581 880 1041 1093 
3256 450 907 634 1146 
3257 670 98 99 813 
3258 910 957 163 1074 
3259 859 969 1001 1019 
3260 263 1072 964 1129 
3261 132 701 965 1032 
3262 735 895 733 1037 
3263 349 974 350 1067 
3264 900 1048 866 1087 
3265 829 1016 1077 1098 
3266 401 962 400 1136 
3267 934 875 1059 1142 
3268 153 1059 953 1142 
3269 862 999 976 1031 
3270 990 1098 1003 1128 
3271 831 952 906 1069 
3272 42 884 414 1060 
3273 857 993 976 1105 
3274 507 427 753 1013 
3275 943 1048 851 1134 
3276 898 849 997 1062 
3277 859 901 1019 1038 
3278 870 966 863 1156 
3279 923 1021 865 1131 
3280 240 821 822 946 
3281 219 203 2 1018 
3282 948 980 853 1147 
3283 630 622 628 971 
3284 387 1047 879 1102 
3285 639 903 638 994 
3286 828 1122 936 1137 
3287 953 1059 875 1142 
3288 459 987 502 1068 
3289 178 204 872 1018 
3290 860 1057 982 1157 
3291 832 900 976 1105 
3292 874 1036 955 1062 
3293 261 49 260 922 
3294 907 1137 947 1158 
3295 512 421 929 1041 
3296 914 862 993 1074 
3297 840 1045 938 1110 
3298 552 52 51 925 
3299 222 223 935 998 
3300 559 691 700 965 
3301 938 1057 975 1110 
3302 56 638 636 1040 
3303 158 156 927 974 
3304 918 995 843 1033 
3305 185 899 182 1095 
3306 947 1137 878 1158 
3307 862 993 999 1140 
3308 825 1007 904 1073 
3309 856 952 906 1118 
3310 852 911 1026 1112 
3311 831 973 958 1069 
3312 185 312 59 1156 
3313 849 1003 990 1098 
3314 556 924 555 1035 
3315 294 884 188 918 
3316 693 718 478 694 
3317 327 253 360 879 
3318 955 1012 850 1082 
3319 30 209 6 912 
3320 315 372 974 1067 
3321 928 989 829 1149 
3322 904 950 826 1121 
3323 824 945 886 997 
3324 880 1029 581 1041 
3325 913 959 214 1056 
3326 972 1084 945 1131 
3327 258 163 896 957 
3328 888 838 986 1011 
3329 768 716 767 1124 
3330 990 898 1098 1128 
3331 624 943 1037 1145 
3332 869 1026 139 1143 
3333 538 992 536 1049 
3334 889 1024 944 1031 
3335 614 1060 415 1094 
3336 138 333 930 1112 
3337 835 879 970 998 
3338 509 867 442 1040 
3339 898 990 849 1062 
3340 448 446 447 996 
3341 857 967 904 999 
3342 988 1009 876 1042 
3343 842 867 1017 1031 
3344 842 976 889 1031 
3345 840 938 975 1110 
3346 400 962 947 1136 
3347 844 975 952 1114 
3348 821 240 239 946 
3349 87 86 926 1029 
3350 997 1077 1016 1098 
3351 608 942 612 971 
3352 343 1056 39 1080 
3353 744 406 667 1097 
3354 896 979 957 1101 
3355 878 838 962 1075 
3356 885 1100 132 1132 
3357 658 693 718 1013 
3358 874 981 895 1036 
3359 920 985 916 1160 
3360 159 388 367 1053 
3361 835 935 879 998 
3362 919 958 828 973 
3363 947 1109 878 1137 
3364 674 707 688 1153 
3365 894 1097 902 1108 
3366 88 954 888 1029 
3367 870 1046 1111 1121 
3368 153 191 1059 1142 
3369 882 988 984 1123 
3370 904 857 1028 1115 
3371 967 993 835 999 
3372 869 825 967 1073 
3373 827 952 906 1054 
3374 209 30 210 912 
3375 840 983 908 1100 
3376 739 538 931 977 
3377 865 1084 972 1131 
3378 273 291 280 994 
3379 830 1037 943 1087 
3380 849 898 997 1098 
3381 528 897 527 1090 
3382 692 743 690 908 
3383 987 1100 1052 1132 
3384 430 62 799 1015 
3385 81 80 891 982 
3386 882 1005 988 1123 
3387 138 137 1026 1088 
3388 837 886 1021 1131 
3389 513 763 501 1086 
3390 791 1090 897 1152 
3391 867 1024 826 1031 
3392 108 426 109 899 
3393 777 699 891 1082 
3394 248 262 964 1033 
3395 31 32 30 623 
3396 579 854 580 1155 
3397 956 960 894 1091 
3398 602 610 591 1004 
3399 857 976 889 1105 
3400 357 10 1046 1106 
3401 132 885 1032 1100 
3402 59 560 60 899 
3403 265 316 264 1047 
3404 983 987 461 1100 
3405 857 889 1028 1105 
3406 911 333 1026 1112 
3407 932 980 901 1096 
3408 45 773 916 1003 
3409 125 152 946 953 
3410 898 992 837 1077 
3411 51 499 552 1130 
3412 936 1087 883 1117 
3413 372 315 385 1067 
3414 441 442 443 867 
3415 148 927 147 1055 
3416 841 1042 905 1085 
3417 866 1087 1078 1154 
3418 505 1044 968 1066 
3419 883 1087 1037 1117 
3420 990 1003 523 1128 
3421 905 1048 961 1101 
3422 836 880 948 1116 
3423 351 158 369 927 
3424 735 469 733 895 
3425 707 955 688 1153 
3426 876 1009 988 1123 
3427 759 542 664 951 
3428 841 1005 964 1085 
3429 894 540 1097 1108 
3430 823 873 1028 1081 
3431 870 863 1002 1156 
3432 902 1083 865 1084 
3433 830 887 981 1089 
3434 739 740 538 977 
3435 447 446 5 996 
3436 896 964 262 1033 
3437 898 1094 1060 1128 
3438 59 560 899 978 
3439 482 968 505 1044 
3440 569 743 766 1045 
3441 839 1014 891 1034 
3442 690 692 908 965 
3443 838 978 962 1075 
3444 216 934 225 1142 
3445 905 1005 876 1042 
3446 829 989 961 1160 
3447 683 459 1068 1136 
3448 249 245 964 1127 
3449 36 909 649 1004 
3450 538 480 536 992 
3451 517 1078 438 1145 
3452 823 1081 1051 1126 
3453 933 1009 1007 1115 
3454 490 492 574 1022 
3455 843 964 896 1033 
3456 280 153 370 953 
3457 595 909 605 1038 
3458 424 561 588 1158 
3459 443 671 561 937 
3460 500 662 646 949 
3461 538 977 480 992 
3462 256 299 336 1055 
3463 240 291 56 946 
3464 920 916 1103 1160 
3465 657 668 1064 1097 
3466 836 980 932 1116 
3467 831 952 1069 1114 
3468 862 949 1031 1154 
3469 833 969 876 1123 
3470 522 523 1003 1128 
3471 876 836 969 1081 
3472 959 1004 232 1056 
3473 886 824 997 1016 
3474 958 973 919 1069 
3475 731 897 791 1090 
3476 880 1023 948 1107 
3477 1051 1081 969 1126 
3478 841 882 988 1008 
3479 885 845 940 1122 
3480 568 951 1065 1083 
3481 210 270 211 912 
3482 840 885 1052 1100 
3483 727 923 687 1020 
3484 722 618 656 1090 
3485 165 331 391 1053 
3486 840 893 1086 1114 
3487 535 941 703 1022 
3488 833 876 969 1051 
3489 878 1113 671 1158 
3490 849 997 1016 1098 
3491 474 563 972 1157 
3492 826 904 1076 1141 
3493 842 1078 1087 1154 
3494 838 878 962 1109 
3495 889 826 950 1024 
3496 138 930 1026 1112 
3497 360 164 155 1055 
3498 587 634 680 907 
3499 253 251 164 1129 
3500 876 1042 1005 1123 
3501 831 1069 958 1114 
3502 833 1001 969 1019 
3503 154 163 337 1074 
3504 874 845 968 1044 
3505 301 158 351 927 
3506 564 563 756 982 
3507 859 1079 1054 1099 
3508 112 680 634 907 
3509 836 980 948 1147 
3510 589 1027 883 1035 
3511 595 960 431 1061 
3512 625 624 943 1037 
3513 267 325 324 1008 
3514 917 1111 1046 1121 
3515 683 1068 682 1136 
3516 556 733 924 1037 
3517 900 832 1048 1105 
3518 575 921 644 1093 
3519 895 981 874 1089 
3520 742 1070 951 1108 
3521 277 307 187 946 
3522 865 956 902 1084 
3523 891 1012 955 1082 
3524 168 167 927 1047 
3525 859 1054 932 1099 
3526 183 185 182 1095 
3527 860 982 891 1034 
3528 391 331 374 1053 
3529 481 479 977 1094 
3530 234 233 235 957 
3531 310 307 277 1150 
3532 880 948 1029 1107 
3533 869 835 967 1043 
3534 58 312 57 1040 
3535 417 523 990 1003 
3536 885 1039 940 1110 
3537 526 894 411 1099 
3538 902 951 664 1083 
3539 205 879 311 1055 
3540 281 282 289 819 
3541 845 1030 1066 1117 
3542 411 894 409 1079 
3543 988 1009 846 1123 
3544 900 1048 961 1105 
3545 839 965 897 1151 
3546 849 990 898 1098 
3547 1037 1087 883 1145 
3548 691 690 132 965 
3549 876 857 1042 1115 
3550 63 62 991 1015 
3551 134 271 229 930 
3552 676 418 688 1036 
3553 248 249 245 964 
3554 877 969 906 1126 
3555 233 925 339 1074 
3556 354 322 293 1033 
3557 665 784 81 699 
3558 648 593 799 1015 
3559 830 1089 1037 1117 
3560 856 975 952 1118 
3561 475 477 474 1083 
3562 543 770 541 951 
3563 893 951 844 1065 
3564 433 770 893 1065 
3565 586 634 907 1146 
3566 219 2 23 1018 
3567 824 981 1014 1062 
3568 608 607 942 1038 
3569 728 777 891 1006 
3570 609 64 963 1144 
3571 838 950 1139 1148 
3572 955 1006 874 1014 
3573 219 892 211 1112 
3574 838 944 1109 1139 
3575 690 908 743 1100 
3576 234 339 233 925 
3577 962 861 1011 1109 
3578 188 918 920 1103 
3579 68 6 912 1050 
3580 292 911 203 1112 
3581 471 941 535 1022 
3582 722 1034 965 1090 
3583 902 956 865 1097 
3584 825 1009 988 1042 
3585 942 1019 901 1038 
3586 307 1002 277 1150 
3587 881 1021 928 1091 
3588 1078 1087 866 1145 
3589 829 886 928 1077 
3590 894 1079 411 1099 
3591 759 742 643 951 
3592 843 896 1085 1101 
3593 840 885 1039 1052 
3594 834 954 888 1148 
3595 266 324 1008 1088 
3596 942 959 35 1058 
3597 154 910 163 1074 
3598 328 253 879 970 
3599 945 997 824 1012 
3600 973 1011 861 1109 
3601 836 880 1116 1138 
3602 683 682 459 1136 
3603 479 992 977 1094 
3604 917 1046 207 1106 
3605 572 923 687 1064 
3606 139 368 138 1026 
3607 856 952 975 1114 
3608 871 931 1020 1131 
3609 845 1044 874 1089 
3610 841 905 1005 1085 
3611 917 1063 926 1106 
3612 867 944 937 1075 
3613 109 899 426 978 
3614 481 523 562 1128 
3615 509 636 637 1040 
3616 448 519 996 1022 
3617 460 461 987 1100 
3618 914 1074 910 1102 
3619 532 937 530 1113 
3620 987 494 1100 1132 
3621 990 1036 849 1062 
3622 835 999 993 1140 
3623 833 876 1051 1123 
3624 568 664 951 1083 
3625 826 999 904 1141 
3626 828 1039 887 1122 
3627 205 223 311 879 
3628 606 942 607 1038 
3629 600 1132 494 1136 
3630 895 943 830 1037 
3631 341 194 974 1067 
3632 904 1121 1076 1141 
3633 368 217 332 911 
3634 547 12 133 1030 
3635 858 1060 884 1149 
3636 657 1064 956 1097 
3637 963 991 858 1144 
3638 221 214 212 1127 
3639 417 688 418 1036 
3640 565 955 708 1006 
3641 883 1087 1078 1145 
3642 678 1035 924 1066 
3643 1054 1079 894 1099 
3644 850 1012 955 1062 
3645 647 412 603 963 
3646 910 832 957 1074 
3647 839 1032 965 1151 
3648 540 894 526 1108 
3649 865 1083 972 1084 
3650 83 932 901 1096 
3651 960 1091 956 1092 
3652 874 981 849 1062 
3653 862 1031 976 1154 
3654 543 921 951 1070 
3655 465 463 579 1155 
3656 880 831 1023 1107 
3657 765 617 618 965 
3658 894 956 902 1097 
3659 1030 1035 550 1066 
3660 819 289 281 946 
3661 481 990 977 1153 
3662 538 536 472 1049 
3663 844 945 972 1084 
3664 5 996 62 1092 
3665 534 689 687 1022 
3666 924 1066 1035 1117 
3667 568 664 542 951 
3668 670 654 86 926 
3669 435 433 938 1065 
3670 728 1006 891 1090 
3671 178 1018 872 1063 
3672 171 134 227 1159 
3673 832 896 957 1101 
3674 770 439 433 893 
3675 415 745 614 1094 
3676 224 294 293 995 
3677 655 558 658 1013 
3678 838 1024 966 1075 
3679 786 939 8 1082 
3680 511 509 510 1017 
3681 802 227 309 1159 
3682 915 1008 266 1072 
3683 880 836 948 1023 
3684 842 1078 883 1087 
3685 884 920 918 1160 
3686 846 1058 984 1123 
3687 687 923 572 1020 
3688 833 1005 882 1123 
3689 589 517 883 1078 
3690 526 894 1099 1108 
3691 517 883 1078 1145 
3692 859 1038 960 1079 
3693 266 1008 915 1088 
3694 323 979 190 1103 
3695 942 971 846 1133 
3696 660 980 84 1096 
3697 856 958 919 1069 
3698 936 944 828 1137 
3699 840 983 938 1045 
3700 1093 1135 1116 1138 
3701 45 46 296 916 
3702 420 512 421 929 
3703 851 943 916 1125 
3704 936 1117 868 1122 
3705 874 849 981 1036 
3706 870 1046 1002 1111 
3707 153 370 953 1059 
3708 439 458 434 983 
3709 336 299 359 1055 
3710 700 897 451 1013 
3711 134 135 271 930 
3712 791 1006 728 1090 
3713 966 1040 863 1156 
3714 352 896 163 1129 
3715 89 888 88 986 
3716 878 937 944 1075 
3717 851 1103 916 1160 
3718 71 1046 1002 1095 
3719 342 214 959 1056 
3720 539 463 462 941 
3721 851 916 985 1160 
3722 881 1015 1092 1144 
3723 830 887 936 1071 
3724 557 693 558 1013 
3725 825 1007 1009 1115 
3726 383 1053 174 1067 
3727 832 910 993 1074 
3728 606 36 35 909 
3729 693 658 558 1013 
3730 164 910 154 1102 
3731 904 967 857 1115 
3732 37 232 36 1004 
3733 885 1132 132 1146 
3734 535 471 473 941 
3735 150 197 193 998 
3736 207 1046 10 1106 
3737 533 687 727 923 
3738 897 965 839 1090 
3739 138 137 1088 1159 
3740 836 1019 901 1147 
3741 34 971 942 1133 
3742 321 979 896 1033 
3743 270 971 32 1133 
3744 593 648 594 1015 
3745 933 1007 904 1115 
3746 269 915 266 1072 
3747 878 962 978 1075 
3748 175 144 169 1053 
3749 430 1061 960 1092 
3750 777 891 1006 1082 
3751 871 1020 931 1120 
3752 447 956 657 1064 
3753 190 979 918 1103 
3754 955 1012 891 1014 
3755 810 72 404 1120 
3756 700 691 701 965 
3757 609 63 64 1144 
3758 266 1008 353 1072 
3759 1012 1014 955 1062 
3760 465 941 463 1155 
3761 997 898 1077 1098 
3762 847 1076 1002 1121 
3763 581 577 576 1093 
3764 163 910 164 1129 
3765 320 323 326 979 
3766 956 1064 865 1097 
3767 843 979 918 1033 
3768 901 942 846 1019 
3769 450 1132 907 1146 
3770 325 266 324 1008 
3771 739 931 538 1049 
3772 355 311 879 1055 
3773 210 211 23 912 
3774 454 897 1151 1152 
3775 929 1068 763 1086 
3776 222 223 288 935 
3777 388 389 366 367 
3778 620 82 621 1038 
3779 928 1077 858 1149 
3780 216 215 217 911 
3781 882 984 1058 1123 
3782 219 23 211 892 
3783 154 387 155 1102 
3784 363 974 362 1067 
3785 62 63 991 996 
3786 68 912 23 1050 
3787 234 50 925 1130 
3788 33 32 971 1133 
3789 874 849 1036 1062 
3790 1002 1046 870 1095 
3791 259 258 163 896 
3792 904 967 825 1073 
3793 662 503 1017 1078 
3794 967 1042 857 1115 
3795 870 1111 1002 1121 
3796 906 952 855 1054 
3797 480 977 479 992 
3798 158 386 156 974 
3799 589 438 517 1078 
3800 495 987 459 1136 
3801 367 169 389 144 
3802 987 1052 861 1136 
3803 944 1024 838 1075 
3804 318 922 260 957 
3805 397 389 145 144 
3806 54 646 639 1000 
3807 686 519 490 996 
3808 389 397 367 144 
3809 799 593 430 1015 
3810 928 1104 989 1149 
3811 211 135 220 1112 
3812 484 968 482 1044 
3813 829 985 890 1016 
3814 859 932 1079 1099 
3815 848 1001 960 1091 
3816 668 667 405 1064 
3817 754 932 1116 1135 
3818 586 907 551 1030 
3819 693 457 478 1013 
3820 874 1014 981 1062 
3821 341 194 274 974 
3822 180 240 822 946 
3823 213 913 245 1127 
3824 551 1030 907 1113 
3825 743 569 749 1045 
3826 544 960 596 1079 
3827 614 413 415 1060 
3828 211 892 1025 1112 
3829 945 844 975 1118 
3830 743 749 461 983 
3831 252 269 266 1072 
3832 544 596 409 1079 
3833 830 981 895 1089 
3834 168 927 344 1047 
3835 904 967 1073 1141 
3836 315 974 195 1067 
3837 469 468 470 895 
3838 731 753 791 897 
3839 856 975 958 1114 
3840 206 287 1010 1063 
3841 686 490 574 996 
3842 953 1141 847 1142 
3843 860 938 1045 1110 
3844 791 1006 1090 1152 
3845 245 913 238 995 
3846 742 643 951 1070 
3847 926 1063 177 1106 
3848 1002 1046 71 1111 
3849 926 954 834 1106 
3850 826 1024 889 1031 
3851 945 1021 886 1131 
3852 33 270 32 1133 
3853 84 724 83 1116 
3854 768 767 485 1124 
3855 552 500 646 949 
3856 517 518 883 1145 
3857 733 469 470 895 
3858 82 1079 932 1099 
3859 349 158 142 974 
3860 293 246 995 1033 
3861 136 297 135 930 
3862 824 1016 981 1062 
3863 319 321 320 979 
3864 487 485 486 498 
3865 851 922 979 1048 
3866 947 962 861 1136 
3867 112 634 450 907 
3868 642 107 598 986 
3869 906 952 856 1069 
3870 186 1095 1002 1156 
3871 630 620 971 1096 
3872 45 296 189 916 
3873 48 625 624 943 
3874 71 1002 186 1095 
3875 353 1008 263 1072 
3876 502 1068 987 1086 
3877 8 939 931 1119 
3878 135 930 220 1112 
3879 836 1116 932 1138 
3880 883 1027 589 1078 
3881 868 1035 1030 1117 
3882 530 673 548 1027 
3883 555 924 678 1035 
3884 900 842 1087 1154 
3885 227 802 171 1159 
3886 996 1022 574 1155 
3887 919 973 873 1069 
3888 540 445 410 1097 
3889 350 974 372 1067 
3890 890 985 961 1134 
3891 430 431 960 1061 
3892 964 1008 841 1072 
3893 840 1052 987 1100 
3894 530 532 673 937 
3895 89 714 888 1011 
3896 982 891 1082 1119 
3897 632 106 642 986 
3898 925 957 832 1074 
3899 655 528 897 1013 
3900 837 886 997 1077 
3901 843 1085 905 1101 
3902 933 948 836 1023 
3903 50 51 925 1130 
3904 561 878 671 1158 
3905 593 1015 594 1061 
3906 881 1091 928 1144 
3907 428 508 747 1013 
3908 556 555 516 1035 
3909 844 951 902 1083 
3910 81 645 762 1120 
3911 586 907 1030 1146 
3912 142 158 301 974 
3913 868 1117 1030 1122 
3914 859 894 1054 1079 
3915 874 1036 895 1044 
3916 838 888 986 1148 
3917 836 901 980 1147 
3918 619 749 569 1045 
3919 834 950 904 1121 
3920 71 276 186 1002 
3921 177 27 179 926 
3922 845 1030 1117 1122 
3923 739 931 8 939 
3924 886 1016 997 1077 
3925 839 965 908 1034 
3926 341 974 255 1067 
3927 788 739 8 939 
3928 851 1048 979 1101 
3929 587 586 634 907 
3930 866 1048 900 1154 
3931 820 307 817 946 
3932 833 1019 969 1123 
3933 833 1051 1005 1123 
3934 387 338 914 1102 
3935 62 996 881 1092 
3936 1005 1051 876 1123 
3937 587 551 907 1113 
3938 683 459 502 1068 
3939 860 1034 908 1045 
3940 871 1012 945 1057 
3941 90 89 986 1011 
3942 880 1093 755 1116 
3943 830 936 1089 1117 
3944 467 46 773 916 
3945 773 46 45 916 
3946 919 1069 823 1126 
3947 956 1091 881 1092 
3948 825 1042 988 1043 
3949 521 417 416 1003 
3950 410 526 540 894 
3951 87 954 88 1029 
3952 502 987 458 1086 
3953 824 1014 940 1110 
3954 979 1048 922 1101 
3955 691 132 701 965 
3956 156 387 927 1055 
3957 950 1028 889 1139 
3958 1093 1116 880 1138 
3959 829 1077 928 1149 
3960 252 266 353 1072 
3961 864 1056 995 1080 
3962 930 1026 852 1088 
3963 367 144 173 1053 
3964 723 891 1034 1090 
3965 43 188 42 884 
3966 512 577 421 1041 
3967 591 1015 1004 1061 
3968 731 728 527 1090 
3969 156 155 387 1055 
3970 572 1020 923 1064 
3971 254 341 299 974 
3972 970 998 328 1143 
3973 918 979 851 1103 
3974 149 139 151 1143 
3975 444 684 428 1013 
3976 206 207 285 917 
3977 836 948 980 1116 
3978 632 954 106 986 
3979 647 64 580 991 
3980 455 402 1020 1120 
3981 601 603 412 963 
3982 234 235 260 957 
3983 198 200 307 946 
3984 846 1123 1009 1147 
3985 670 27 654 926 
3986 502 763 1068 1086 
3987 137 242 138 1026 
3988 832 993 910 1085 
3989 840 975 958 1039 
3990 876 1028 933 1081 
3991 557 457 693 1013 
3992 355 879 327 1055 
3993 570 571 569 1045 
3994 856 1069 919 1126 
3995 112 907 1132 1158 
3996 965 1034 839 1090 
3997 206 207 917 1111 
3998 492 490 491 1022 
3999 932 1116 1135 1138 
4000 315 195 385 1067 
4001 586 681 634 1146 
4002 693 558 658 718 
4003 716 486 485 498 
4004 860 1057 938 1110 
4005 550 1035 678 1066 
4006 850 977 898 990 
4007 505 968 12 1066 
4008 895 874 1044 1089 
4009 841 964 1072 1129 
4010 347 239 240 946 
4011 836 1023 880 1138 
4012 899 966 870 1156 
4013 880 855 1093 1138 
4014 858 884 963 1149 
4015 933 1028 876 1115 
4016 62 800 799 1015 
4017 435 983 619 1045 
4018 304 237 1010 1150 
4019 873 1028 950 1139 
4020 271 984 1025 1133 
4021 733 679 556 924 
4022 46 467 734 916 
4023 63 580 64 991 
4024 800 590 648 1015 
4025 54 639 638 994 
4026 272 348 328 998 
4027 443 532 671 937 
4028 42 414 413 1060 
4029 259 321 319 896 
4030 601 602 963 1080 
4031 111 424 113 588 
4032 770 501 439 893 
4033 876 988 1042 1123 
4034 33 1025 270 1133 
4035 859 960 894 1079 
4036 322 979 321 1033 
4037 877 1051 969 1126 
4038 860 891 982 1012 
4039 676 675 418 1036 
4040 876 1042 1009 1115 
4041 349 301 142 158 
4042 615 941 721 1124 
4043 886 1021 928 1077 
4044 486 716 485 1124 
4045 323 1103 313 1125 
4046 455 474 563 972 
4047 825 1009 1042 1115 
4048 961 1134 985 1160 
4049 771 939 772 1153 
4050 287 178 314 1063 
4051 187 307 200 946 
4052 450 815 635 816 
4053 37 36 649 1004 
4054 772 771 740 939 
4055 830 895 1037 1089 
4056 318 326 260 922 
4057 339 50 51 925 
4058 261 317 48 1125 
4059 831 1041 929 1107 
4060 240 180 291 946 
4061 830 900 1071 1087 
4062 727 1020 402 1120 
4063 846 1019 1123 1147 
4064 963 1080 864 1149 
4065 387 914 1047 1102 
4066 677 482 505 1044 
4067 976 993 857 999 
4068 448 447 652 1064 
4069 259 163 352 896 
4070 528 656 655 897 
4071 664 741 759 902 
4072 888 986 89 1011 
4073 366 159 388 367 
4074 884 1080 963 1149 
4075 825 1042 967 1115 
4076 342 214 221 959 
4077 877 1001 969 1051 
4078 925 866 1130 1154 
4079 206 1010 917 1063 
4080 505 677 1044 1066 
4081 435 938 983 1045 
4082 925 1130 949 1154 
4083 855 951 921 1070 
4084 976 1031 842 1154 
4085 880 1029 948 1116 
4086 112 907 450 1132 
4087 862 993 976 999 
4088 841 1072 910 1129 
4089 802 309 805 1159 
4090 899 870 1095 1156 
4091 912 971 901 1096 
4092 294 41 884 1080 
4093 969 1001 833 1051 
4094 968 1032 839 1151 
4095 713 768 767 485 
4096 262 964 896 1129 
4097 234 49 50 1130 
4098 352 262 896 1129 
4099 589 517 516 1035 
4100 551 586 587 907 
4101 296 189 916 1103 
4102 397 143 395 144 
4103 355 328 327 879 
4104 330 372 385 1067 
4105 649 909 595 1061 
4106 253 327 328 879 
4107 741 902 744 1097 
4108 849 981 985 1016 
4109 907 1052 828 1122 
4110 853 980 912 1147 
4111 961 851 1134 1160 
4112 296 1103 916 1125 
4113 791 728 731 1090 
4114 885 1052 907 1122 
4115 188 294 42 884 
4116 137 242 1026 1088 
4117 206 917 1010 1111 
4118 870 986 899 1095 
4119 297 930 333 1112 
4120 604 431 960 1079 
4121 262 302 896 1033 
4122 267 268 1008 1127 
4123 425 763 420 929 
4124 581 576 751 1093 
4125 301 349 351 158 
4126 819 239 289 946 
4127 547 506 12 1066 
4128 164 163 154 910 
4129 484 736 968 1152 
4130 274 194 195 974 
4131 72 1119 931 1120 
4132 59 182 185 899 
4133 598 90 89 986 
4134 59 441 560 978 
4135 612 942 34 971 
4136 26 926 177 1106 
4137 271 1025 33 1133 
4138 574 1022 492 1155 
4139 397 395 367 144 
4140 753 897 451 1152 
4141 501 502 458 1086 
4142 454 451 897 1152 
4143 347 289 239 946 
4144 449 600 947 1132 
4145 765 559 617 965 
4146 798 622 623 971 
4147 304 1010 1142 1150 
4148 908 965 839 1032 
4149 451 454 897 1151 
4150 609 1015 63 1144 
4151 628 912 738 1096 
4152 154 155 164 1102 
4153 634 681 635 1146 
4154 158 349 362 974 
4155 630 620 622 971 
4156 837 997 898 1077 
4157 231 221 364 1058 
4158 907 1052 885 1132 
4159 719 721 792 1124 
4160 680 907 112 1158 
4161 840 1039 958 1052 
4162 736 482 484 968 
4163 262 248 302 1033 
4164 238 995 913 1056 
4165 836 906 969 1081 
4166 869 1043 915 1143 
4167 107 899 986 1095 
4168 999 1000 862 1140 
4169 152 124 125 822 
4170 680 587 907 1113 
4171 186 276 277 1002 
4172 969 1019 876 1123 
4173 823 1028 889 1105 
4174 932 1054 855 1099 
4175 842 1017 949 1031 
4176 307 303 125 946 
4177 649 1004 909 1061 
4178 754 932 724 1116 
4179 321 896 302 1033 
4180 206 917 285 1063 
4181 263 964 1008 1127 
4182 55 291 273 994 
4183 817 822 819 946 
4184 449 1132 947 1158 
4185 231 959 221 1058 
4186 519 446 448 996 
4187 348 998 151 1143 
4188 656 897 528 1090 
4189 238 343 995 1056 
4190 861 962 947 1109 
4191 644 921 543 1070 
4192 290 295 216 1010 
4193 168 166 344 927 
4194 967 1042 825 1043 
4195 889 976 900 1105 
4196 834 1007 917 1121 
4197 306 153 303 953 
4198 91 90 1011 1068 
4199 346 383 174 1067 
4200 905 876 1005 1051 
4201 281 198 283 820 
4202 351 369 344 927 
4203 849 1016 997 1062 
4204 590 591 592 1061 
4205 830 1071 936 1087 
4206 90 962 91 1011 
4207 481 977 771 1153 
4208 8 739 72 931 
4209 637 638 639 903 
4210 460 493 461 1100 
4211 837 1021 886 1077 
4212 518 1037 883 1145 
4213 193 197 222 998 
4214 186 1002 277 1156 
4215 802 801 804 1159 
4216 830 890 1071 1134 
4217 589 553 1027 1035 
4218 339 234 50 925 
4219 606 607 605 1038 
4220 72 8 931 1119 
4221 481 672 990 1153 
4222 348 328 998 1143 
4223 606 605 909 1038 
4224 608 605 607 1038 
4225 606 605 595 909 
4226 903 1017 867 1031 
4227 417 521 523 1003 
4228 544 545 432 1092 
4229 891 1006 839 1034 
4230 284 229 271 984 
4231 400 110 111 947 
4232 707 708 955 1082 
4233 841 915 988 1043 
4234 710 44 920 1003 
4235 673 443 511 937 
4236 566 708 777 1006 
4237 165 160 331 1053 
4238 269 970 915 1072 
4239 707 709 708 1082 
4240 295 275 287 1010 
4241 609 64 603 963 
4242 306 191 153 1142 
4243 841 910 1085 1129 
4244 323 322 190 979 
4245 8 810 81 1120 
4246 869 970 1043 1143 
4247 513 501 770 893 
4248 639 646 637 903 
4249 545 544 408 956 
4250 908 1032 885 1100 
4251 404 403 645 1120 
4252 830 1071 900 1134 
4253 62 574 63 996 
4254 945 975 844 1057 
4255 168 265 264 1047 
4256 631 954 926 1106 
4257 985 1134 851 1160 
4258 222 197 223 998 
4259 881 1092 848 1144 
4260 881 1091 848 1092 
4261 881 848 1091 1144 
4262 271 270 33 1025 
4263 825 967 904 1115 
4264 949 1017 842 1078 
4265 883 842 1027 1078 
4266 237 236 1010 1150 
4267 125 153 152 953 
4268 531 532 530 1113 
4269 544 432 960 1092 
4270 816 815 132 1146 
4271 915 1043 970 1143 
4272 593 594 430 1061 
4273 86 654 633 926 
4274 977 992 898 1094 
4275 739 538 780 1049 
4276 843 905 961 1101 
4277 690 743 493 1100 
4278 673 510 548 1027 
4279 362 361 363 1067 
4280 802 309 227 308 
4281 151 197 150 998 
4282 151 348 272 998 
4283 87 86 633 926 
4284 678 924 677 1066 
4285 961 1048 900 1134 
4286 771 977 939 1153 
4287 724 932 754 1135 
4288 160 331 1053 1067 
4289 553 530 548 1027 
4290 111 113 424 110 
4291 168 288 170 167 
4292 136 804 807 297 
4293 480 729 536 992 
4294 841 988 915 1008 
4295 595 605 604 1038 
4296 791 897 753 1152 
4297 901 912 1096 1147 
4298 871 972 945 1131 
4299 88 89 582 888 
4300 575 644 576 1093 
4301 590 1015 591 1061 
4302 773 521 416 1003 
4303 195 974 194 1067 
4304 928 1091 848 1144 
4305 679 677 924 1044 
4306 631 87 926 954 
4307 30 738 628 912 
4308 947 1052 907 1132 
4309 844 972 1083 1084 
4310 969 1051 876 1081 
4311 270 271 135 1025 
4312 860 1045 908 1110 
4313 825 904 1007 1115 
4314 285 917 207 1106 
4315 727 687 572 1020 
4316 759 643 542 951 
4317 947 861 1052 1136 
4318 838 1024 944 1139 
4319 44 710 45 1003 
4320 134 804 171 172 
4321 478 747 775 748 
4322 915 970 269 1143 
4323 801 930 804 1159 
4324 891 839 1006 1014 
4325 658 718 659 1013 
4326 850 939 931 977 
4327 159 367 161 1053 
4328 547 1030 133 1146 
4329 914 862 1000 1140 
4330 335 228 250 1088 
4331 554 555 678 1035 
4332 179 68 1018 1050 
4333 690 691 692 965 
4334 474 972 440 1083 
4335 196 226 329 1053 
4336 676 688 565 955 
4337 871 945 972 1057 
4338 173 144 175 1053 
4339 1006 1034 891 1090 
4340 855 1135 1093 1138 
4341 530 549 531 1113 
4342 132 1032 885 1146 
4343 204 2 203 1018 
4344 839 1034 1006 1090 
4345 503 1027 1017 1078 
4346 135 297 136 278 
4347 206 208 207 1111 
4348 227 228 335 1159 
4349 671 937 532 1113 
4350 844 972 945 1057 
4351 372 350 142 974 
4352 980 1096 912 1147 
4353 917 872 1007 1063 
4354 942 846 1058 1133 
4355 730 571 722 1034 
4356 407 406 440 972 
4357 176 184 183 1095 
4358 338 157 387 914 
4359 158 380 386 974 
4360 649 606 595 909 
4361 875 1076 953 1141 
4362 953 1076 847 1141 
4363 827 1021 886 1118 
4364 1017 1027 842 1078 
4365 593 430 1015 1061 
4366 841 1085 964 1129 
4367 1076 1121 847 1141 
4368 223 197 272 998 
4369 840 975 1039 1110 
4370 913 1005 964 1127 
4371 740 939 771 977 
4372 356 192 935 1059 
4373 866 1130 1078 1145 
4374 565 708 566 1006 
4375 842 949 1078 1154 
4376 863 1002 953 1076 
4377 953 1002 847 1076 
4378 478 457 456 1013 
4379 259 302 321 896 
4380 461 983 458 987 
4381 625 626 624 1037 
4382 151 272 197 998 
4383 157 914 381 1047 
4384 904 999 967 1141 
4385 609 963 1015 1144 
4386 896 843 1033 1101 
4387 176 107 184 1095 
4388 836 1023 906 1081 
4389 205 147 927 1055 
4390 679 470 483 1044 
4391 606 35 607 942 
4392 206 1010 208 1111 
4393 850 1082 1012 1119 
4394 738 912 1050 1096 
4395 136 135 134 930 
4396 869 998 970 1143 
4397 285 177 1063 1106 
4398 454 12 505 968 
4399 883 1027 868 1035 
4400 132 1100 131 1132 
4401 979 1033 843 1101 
4402 419 425 420 929 
4403 912 980 853 1050 
4404 108 90 597 598 
4405 62 1015 430 1092 
4406 72 727 402 1120 
4407 850 990 955 1153 
4408 869 967 934 1073 
4409 852 1026 930 1112 
4410 625 48 47 1125 
4411 653 448 652 1064 
4412 827 952 1084 1118 
4413 168 167 166 927 
4414 986 1046 870 1148 
4415 142 350 349 974 
4416 896 1033 979 1101 
4417 632 642 89 986 
4418 1037 1089 924 1117 
4419 949 842 1031 1154 
4420 834 904 1007 1121 
4421 259 352 262 896 
4422 591 609 602 963 
4423 83 82 932 1099 
4424 414 884 41 1080 
4425 236 208 237 1010 
4426 885 940 1039 1122 
4427 845 1066 924 1117 
4428 494 600 599 1132 
4429 407 972 455 1020 
4430 677 678 555 924 
4431 38 232 1004 1056 
4432 245 995 246 1033 
4433 405 1020 572 1064 
4434 451 897 753 1013 
4435 839 897 1090 1152 
4436 188 920 44 1103 
4437 741 902 540 1108 
4438 582 89 714 888 
4439 89 419 714 1011 
4440 955 1006 891 1082 
4441 680 1113 907 1158 
4442 763 929 425 1068 
4443 284 1058 984 1133 
4444 562 479 481 1094 
4445 219 211 220 1112 
4446 131 132 690 1100 
4447 337 957 233 1074 
4448 997 1016 824 1062 
4449 421 714 419 929 
4450 238 913 214 1056 
4451 143 397 145 144 
4452 625 943 48 1125 
4453 460 461 458 987 
4454 838 1109 973 1139 
4455 849 981 1016 1062 
4456 249 213 245 1127 
4457 1004 1015 848 1061 
4458 230 250 228 984 
4459 192 170 356 935 
4460 290 216 225 1142 
4461 596 960 431 1079 
4462 608 607 612 942 
4463 955 990 850 1062 
4464 924 1044 677 1066 
4465 202 292 215 911 
4466 872 1018 1007 1063 
4467 285 26 177 1106 
4468 844 1065 951 1083 
4469 384 330 385 1067 
4470 172 134 804 136 
4471 293 246 224 995 
4472 506 550 678 1066 
4473 902 1097 540 1108 
4474 339 925 365 1074 
4475 539 462 537 941 
4476 86 755 85 1116 
4477 451 700 453 897 
4478 809 81 8 810 
4479 435 477 433 1065 
4480 945 1084 1021 1131 
4481 236 1111 1010 1150 
4482 514 543 644 921 
4483 225 934 1059 1142 
4484 735 626 625 1037 
4485 936 1071 900 1087 
4486 868 1122 907 1137 
4487 900 1071 890 1134 
4488 431 596 544 960 
4489 910 896 1085 1129 
4490 49 712 1130 1145 
4491 826 1076 999 1141 
4492 242 266 269 915 
4493 741 540 742 1108 
4494 230 201 364 1058 
4495 736 753 451 1152 
4496 1012 1082 891 1119 
4497 285 1063 917 1106 
4498 339 51 365 925 
4499 832 922 1048 1101 
4500 510 1017 503 1027 
4501 245 213 238 913 
4502 1069 1081 823 1126 
4503 474 440 475 1083 
4504 603 601 602 963 
4505 257 344 369 927 
4506 832 1085 896 1101 
4507 216 218 225 934 
4508 193 225 934 1059 
4509 1104 1144 963 1149 
4510 873 1069 1023 1081 
4511 302 259 262 896 
4512 58 442 441 1040 
4513 242 915 1026 1088 
4514 284 984 271 1133 
4515 841 988 1042 1043 
4516 225 1059 191 1142 
4517 448 689 702 1022 
4518 828 958 1039 1052 
4519 951 1070 855 1108 
4520 844 1084 952 1118 
4521 242 139 138 1026 
4522 72 810 8 1120 
4523 274 299 341 974 
4524 751 755 581 1093 
4525 432 430 960 1092 
4526 873 973 919 1139 
4527 232 342 959 1056 
4528 325 353 266 1008 
4529 566 728 791 1006 
4530 840 987 983 1100 
4531 1015 1061 430 1092 
4532 112 1132 449 1158 
4533 449 599 600 1132 
4534 876 1009 933 1115 
4535 433 541 770 1065 
4536 756 730 80 982 
4537 592 1004 37 1061 
4538 387 914 157 1047 
4539 830 900 1087 1134 
4540 453 897 700 1151 
4541 196 174 226 1053 
4542 700 451 452 1013 
4543 42 413 732 1060 
4544 875 1000 999 1140 
4545 517 438 437 1145 
4546 824 1012 997 1062 
4547 297 333 292 1112 
4548 109 91 90 962 
4549 235 318 260 957 
4550 873 1023 933 1081 
4551 854 1022 996 1155 
4552 580 63 64 573 
4553 356 170 264 935 
4554 868 883 1035 1117 
4555 436 1078 949 1130 
4556 848 960 1061 1092 
4557 296 916 46 1125 
4558 870 1046 986 1095 
4559 541 568 542 951 
4560 263 1008 268 1127 
4561 839 1151 897 1152 
4562 599 131 1100 1132 
4563 889 1024 950 1139 
4564 861 1068 987 1136 
4565 306 953 303 1142 
4566 52 53 381 914 
4567 675 483 470 1044 
4568 672 481 771 1153 
4569 980 1050 912 1096 
4570 867 1024 944 1075 
4571 35 36 231 959 
4572 1023 1069 873 1107 
4573 644 1070 778 1093 
4574 83 525 82 1099 
4575 141 147 162 927 
4576 929 1011 419 1068 
4577 242 266 915 1088 
4578 868 1030 907 1122 
4579 63 1015 991 1144 
4580 303 307 310 1150 
4581 495 459 682 1136 
4582 840 958 975 1114 
4583 47 296 46 1125 
4584 374 331 329 1053 
4585 865 1020 923 1131 
4586 921 1041 880 1093 
4587 873 933 1028 1081 
4588 251 1072 263 1129 
4589 483 484 482 1044 
4590 38 232 37 1004 
4591 471 535 534 1022 
4592 909 1004 848 1061 
4593 522 562 523 1128 
4594 928 1144 1104 1149 
4595 154 910 1074 1102 
4596 815 681 586 1146 
4597 701 700 897 1151 
4598 494 987 495 1136 
4599 924 1044 845 1089 
4600 905 1085 832 1101 
4601 236 208 1010 1111 
4602 332 292 333 911 
4603 193 191 225 1059 
4604 606 649 36 909 
4605 454 482 736 968 
4606 845 1044 924 1066 
4607 619 584 435 1045 
4608 847 1002 953 1150 
4609 270 135 211 1025 
4610 913 882 1005 1127 
4611 847 1002 1111 1121 
4612 931 939 850 1119 
4613 454 505 482 968 
4614 635 450 634 1146 
4615 626 735 733 1037 
4616 485 767 713 1124 
4617 741 664 744 902 
4618 641 645 404 403 
4619 454 968 736 1152 
4620 984 1058 846 1133 
4621 168 344 265 1047 
4622 171 802 227 308 
4623 338 1074 914 1102 
4624 878 944 937 1137 
4625 787 790 788 939 
4626 901 1096 980 1147 
4627 237 305 236 1150 
4628 451 897 453 1151 
4629 592 37 649 1061 
4630 274 195 315 974 
4631 829 985 1016 1098 
4632 896 964 1085 1129 
4633 521 522 523 1003 
4634 290 304 237 1010 
4635 850 997 1012 1062 
4636 329 1053 331 1067 
4637 568 951 541 1065 
4638 977 990 850 1153 
4639 111 424 588 1158 
4640 891 1006 955 1014 
4641 723 1034 722 1090 
4642 724 83 932 1099 
4643 91 779 90 1068 
4644 306 153 953 1142 
4645 789 788 790 939 
4646 255 974 379 1067 
4647 455 440 474 972 
4648 351 344 301 927 
4649 692 765 766 965 
4650 274 315 300 974 
4651 344 927 257 1047 
4652 251 353 263 1072 
4653 284 271 33 1133 
4654 253 269 252 1072 
4655 87 86 814 633 
4656 174 1053 196 1067 
4657 514 644 575 921 
4658 846 901 1019 1147 
4659 878 937 1113 1137 
4660 921 1070 644 1093 
4661 728 566 777 1006 
4662 57 347 56 946 
4663 436 500 949 1078 
4664 185 899 1095 1156 
4665 342 221 232 959 
4666 620 621 608 1038 
4667 352 163 164 1129 
4668 913 995 864 1056 
4669 432 430 431 960 
4670 55 56 240 291 
4671 955 707 1082 1153 
4672 711 772 939 1153 
4673 242 1026 915 1143 
4674 924 1037 895 1089 
4675 381 157 52 914 
4676 180 822 152 946 
4677 855 1070 921 1093 
4678 290 304 1010 1142 
4679 581 755 86 1029 
4680 969 1081 906 1126 
4681 954 1046 986 1148 
4682 338 365 914 1074 
4683 106 986 954 1046 
4684 90 419 1011 1068 
4685 177 26 27 926 
4686 920 1098 1060 1128 
4687 518 626 1037 1145 
4688 301 344 166 927 
4689 673 532 443 937 
4690 436 949 500 1130 
4691 502 501 763 1086 
4692 454 12 968 1151 
4693 720 615 721 1124 
4694 834 950 1121 1148 
4695 753 427 507 731 
4696 180 280 153 370 
4697 242 139 137 138 
4698 675 484 483 1044 
4699 508 659 747 1013 
4700 762 982 81 1120 
4701 206 286 287 1063 
4702 341 255 194 1067 
4703 267 212 268 1127 
4704 851 961 1048 1101 
4705 543 951 643 1070 
4706 591 1004 592 1061 
4707 780 472 520 1049 
4708 817 125 822 946 
4709 492 615 616 1155 
4710 245 246 248 1033 
4711 866 900 1087 1154 
4712 999 1076 875 1141 
4713 219 220 203 1112 
4714 836 933 1023 1081 
4715 892 852 1025 1112 
4716 459 458 502 987 
4717 262 263 964 1129 
4718 895 1044 924 1089 
4719 886 1021 945 1118 
4720 419 425 929 1068 
4721 830 1087 936 1117 
4722 844 945 1084 1118 
4723 42 41 414 884 
4724 664 744 902 1083 
4725 582 88 888 1029 
4726 37 1004 649 1061 
4727 1021 1084 945 1118 
4728 916 1103 851 1125 
4729 21 138 333 930 
4730 947 1132 907 1158 
4731 861 987 1068 1086 
4732 57 378 377 946 
4733 741 744 650 1097 
4734 953 994 863 1076 
4735 875 994 953 1076 
4736 855 932 1099 1135 
4737 389 397 366 367 
4738 245 238 247 995 
4739 582 1029 888 1041 
4740 363 380 974 1067 
4741 367 376 161 1053 
4742 298 299 274 974 
4743 249 248 262 964 
4744 213 214 913 1127 
4745 1021 1084 865 1131 
4746 677 483 482 1044 
4747 57 377 347 946 
4748 546 749 619 983 
4749 582 888 714 1041 
4750 836 906 1023 1138 
4751 947 962 878 1109 
4752 238 213 214 913 
4753 757 476 938 1157 
4754 677 555 679 924 
4755 883 1037 924 1117 
4756 920 1098 985 1160 
4757 679 483 677 1044 
4758 329 196 1053 1067 
4759 486 716 504 498 
4760 754 724 84 1116 
4761 870 1121 950 1148 
4762 707 708 565 955 
4763 741 540 902 1097 
4764 556 626 733 1037 
4765 934 1073 967 1141 
4766 394 803 309 1159 
4767 242 915 269 1143 
4768 729 480 479 992 
4769 192 288 170 935 
4770 548 589 553 1027 
4771 652 657 668 1064 
4772 125 303 153 953 
4773 696 478 694 748 
4774 45 521 773 1003 
4775 379 974 380 1067 
4776 318 258 319 957 
4777 907 1030 868 1113 
4778 457 557 700 1013 
4779 343 238 39 1056 
4780 365 157 338 914 
4781 871 1020 972 1131 
4782 972 1020 865 1131 
4783 125 817 307 946 
4784 953 303 1142 1150 
4785 440 972 406 1083 
4786 464 578 941 1124 
4787 72 8 1119 1120 
4788 864 1104 963 1149 
4789 878 1137 1113 1158 
4790 495 460 459 987 
4791 225 218 193 934 
4792 724 525 83 1099 
4793 160 165 331 1067 
4794 861 1011 929 1068 
4795 519 491 490 1022 
4796 407 572 405 1020 
4797 209 30 31 210 
4798 3 357 1046 1106 
4799 624 1037 626 1145 
4800 304 305 237 1150 
4801 281 289 378 946 
4802 723 722 656 1090 
4803 580 415 729 579 
4804 856 906 1069 1126 
4805 904 847 1121 1141 
4806 335 250 324 1088 
4807 855 906 1054 1138 
4808 584 1045 583 1157 
4809 71 116 1046 1095 
4810 476 435 757 938 
4811 394 279 803 1159 
4812 824 1014 1012 1062 
4813 140 142 162 974 
4814 642 598 89 986 
4815 716 486 504 1124 
4816 543 542 643 951 
4817 42 294 41 884 
4818 481 479 480 977 
4819 247 238 343 995 
4820 355 327 371 1055 
4821 463 465 464 941 
4822 26 654 27 926 
4823 384 385 195 1067 
4824 816 132 450 1146 
4825 254 299 256 974 
4826 526 1099 726 1108 
4827 275 206 287 1010 
4828 35 959 231 1058 
4829 686 446 519 996 
4830 831 1069 1023 1107 
4831 917 1010 872 1063 
4832 686 5 446 996 
4833 430 62 67 799 
4834 915 1026 869 1143 
4835 53 646 54 1000 
4836 934 847 1141 1142 
4837 276 1002 71 1111 
4838 939 1082 709 1153 
4839 356 280 370 1059 
4840 220 135 297 930 
4841 253 970 269 1072 
4842 330 350 372 1067 
4843 844 1083 902 1084 
4844 588 561 671 1158 
4845 394 334 279 1159 
4846 33 971 613 1133 
4847 338 233 339 1074 
4848 543 541 542 951 
4849 554 678 550 1035 
4850 378 200 281 946 
4851 852 1026 915 1088 
4852 765 618 570 965 
4853 561 423 441 978 
4854 460 458 459 987 
4855 968 1044 845 1066 
4856 298 300 148 974 
4857 315 372 142 974 
4858 710 1003 920 1128 
4859 173 376 367 1053 
4860 700 559 557 691 
4861 49 624 712 1145 
4862 839 1090 1006 1152 
4863 841 915 1043 1072 
4864 1002 1095 870 1156 
4865 709 711 790 939 
4866 464 941 466 1124 
4867 792 941 685 1124 
4868 906 1081 1069 1126 
4869 454 736 451 1152 
4870 709 939 786 1082 
4871 692 691 559 965 
4872 369 158 156 927 
4873 36 232 231 959 
4874 510 503 548 1027 
4875 652 447 657 1064 
4876 631 926 633 1106 
4877 611 620 663 971 
4878 907 1122 828 1137 
4879 273 54 994 1000 
4880 195 274 315 300 
4881 657 447 545 956 
4882 982 1012 891 1119 
4883 152 822 125 946 
4884 709 1082 707 1153 
4885 354 294 190 918 
4886 502 763 425 1068 
4887 841 1008 915 1072 
4888 460 987 494 1100 
4889 982 1119 81 1120 
4890 106 986 1046 1095 
4891 89 90 419 1011 
4892 907 885 1122 1146 
4893 804 22 297 930 
4894 955 1014 874 1062 
4895 923 1020 865 1064 
4896 25 357 3 1106 
4897 233 337 235 957 
4898 523 481 672 990 
4899 257 369 157 927 
4900 243 1088 137 1159 
4901 546 461 749 983 
4902 711 939 709 1153 
4903 611 663 612 971 
4904 186 183 184 1095 
4905 711 771 772 1153 
4906 109 110 962 978 
4907 189 188 44 1103 
4908 809 810 764 404 
4909 615 941 616 1155 
4910 471 533 472 1049 
4911 107 986 106 1095 
4912 462 473 537 941 
4913 592 591 37 1004 
4914 765 570 766 965 
4915 889 944 1024 1139 
4916 954 986 888 1148 
4917 721 719 792 769 
4918 668 651 667 1097 
4919 847 1111 917 1121 
4920 268 325 267 1008 
4921 441 423 560 978 
4922 188 190 918 1103 
4923 222 935 192 1059 
4924 333 911 292 1112 
4925 644 778 750 1093 
4926 263 325 268 1008 
4927 762 645 564 1120 
4928 868 907 1113 1137 
4929 404 764 809 641 
4930 855 1054 932 1138 
4931 719 720 721 1124 
4932 353 325 263 1008 
4933 828 1052 1039 1122 
4934 463 464 462 941 
4935 917 847 1010 1111 
4936 686 62 5 996 
4937 668 657 651 1097 
4938 10 71 1046 1111 
4939 367 390 173 144 
4940 332 215 292 911 
4941 390 367 395 144 
4942 1039 1052 885 1122 
4943 87 633 631 926 
4944 717 920 1060 1128 
4945 90 779 419 1068 
4946 322 321 293 1033 
4947 878 1109 944 1137 
4948 828 944 1109 1137 
4949 111 449 947 1158 
4950 112 450 449 1132 
4951 920 1103 918 1160 
4952 845 924 1089 1117 
4953 256 386 379 974 
4954 449 400 111 947 
4955 357 285 207 1106 
4956 34 612 607 942 
4957 133 815 586 1146 
4958 970 1043 915 1072 
4959 125 303 306 153 
4960 906 1023 1069 1081 
4961 611 623 622 971 
4962 586 1030 547 1146 
4963 205 311 146 1055 
4964 907 1132 885 1146 
4965 320 322 323 979 
4966 56 347 240 946 
4967 848 1092 1015 1144 
4968 464 465 466 941 
4969 924 1035 883 1117 
4970 301 166 141 927 
4971 361 331 165 1067 
4972 220 930 297 1112 
4973 584 583 757 1157 
4974 802 171 804 172 
4975 939 977 850 1153 
4976 106 184 107 1095 
4977 519 448 702 1022 
4978 724 1099 932 1135 
4979 556 679 555 924 
4980 920 829 1098 1160 
4981 140 315 142 974 
4982 187 186 277 1156 
4983 538 740 480 977 
4984 25 3 954 1106 
4985 789 739 788 939 
4986 160 1053 383 1067 
4987 711 772 790 939 
4988 509 637 510 1017 
4989 106 1046 116 1095 
4990 657 956 408 1097 
4991 462 464 578 941 
4992 153 191 370 1059 
4993 418 675 468 1036 
4994 1113 1137 907 1158 
4995 1099 1108 855 1135 
4996 428 684 429 1013 
4997 81 1119 8 1120 
4998 517 437 518 1145 
4999 465 579 580 1155 
5000 249 964 263 1127 
5001 222 288 192 935 
5002 82 621 1038 1079 
5003 23 2 68 1018 
5004 1052 1100 885 1132 
5005 300 298 274 974 
5006 726 1070 1108 1135 
5007 839 968 1151 1152 
5008 326 261 260 922 
5009 138 930 801 1159 
5010 604 596 431 1079 
5011 801 138 21 930 
5012 140 162 315 974 
5013 780 538 472 1049 
5014 421 714 929 1041 
5015 294 224 41 1080 
5016 567 1006 791 1152 
5017 861 947 1052 1109 
5018 132 1132 450 1146 
5019 710 44 43 920 
5020 565 688 707 955 
5021 394 309 334 1159 
5022 809 640 645 641 
5023 55 638 56 994 
5024 242 139 1026 1143 
5025 224 247 343 995 
5026 790 786 709 939 
5027 320 321 322 979 
5028 432 431 544 960 
5029 21 333 22 930 
5030 365 338 339 1074 
5031 627 941 615 1124 
5032 584 571 583 1045 
5033 849 1016 985 1098 
5034 710 920 717 1128 
5035 736 791 753 1152 
5036 570 618 722 965 
5037 257 927 157 1047 
5038 561 424 423 978 
5039 807 136 297 278 
5040 765 692 559 965 
5041 653 669 572 1064 
5042 54 638 55 994 
5043 205 146 147 1055 
5044 789 790 772 939 
5045 323 190 313 1103 
5046 535 685 792 941 
5047 802 805 801 1159 
5048 719 585 485 1124 
5049 613 971 34 1133 
5050 156 157 369 927 
5051 680 671 1113 1158 
5052 653 572 687 1064 
5053 611 622 620 971 
5054 466 941 627 1124 
5055 888 1041 1029 1107 
5056 50 499 51 1130 
5057 224 995 343 1080 
5058 518 624 626 1145 
5059 407 440 455 972 
5060 848 1061 1015 1092 
5061 432 62 430 1092 
5062 307 199 198 820 
5063 106 107 642 986 
5064 657 545 408 956 
5065 416 417 418 1036 
5066 715 464 466 1124 
5067 626 556 518 1037 
5068 10 207 7 1111 
5069 38 1004 610 1056 
5070 850 955 1082 1153 
5071 206 285 286 1063 
5072 3 1046 954 1106 
5073 265 344 257 1047 
5074 435 434 619 983 
5075 63 590 800 1015 
5076 729 479 745 1094 
5077 154 337 338 1074 
5078 503 589 1027 1078 
5079 338 337 233 1074 
5080 148 147 146 1055 
5081 247 246 245 995 
5082 720 713 767 1124 
5083 52 157 365 914 
5084 473 462 515 941 
5085 580 573 782 1155 
5086 147 141 166 927 
5087 449 600 400 947 
5088 10 7 71 1111 
5089 420 421 419 929 
5090 231 232 221 959 
5091 932 1135 855 1138 
5092 34 1058 284 1133 
5093 316 280 273 264 
5094 296 313 1103 1125 
5095 292 203 220 1112 
5096 715 578 464 1124 
5097 237 208 275 1010 
5098 601 414 41 1080 
5099 528 508 507 1013 
5100 258 337 163 957 
5101 754 1116 1093 1135 
5102 633 654 26 926 
5103 742 726 1070 1108 
5104 400 947 600 1136 
5105 848 1104 928 1144 
5106 25 631 633 1106 
5107 627 466 616 941 
5108 309 803 805 1159 
5109 792 585 719 1124 
5110 495 494 460 987 
5111 607 35 34 942 
5112 26 285 25 1106 
5113 838 950 1024 1139 
5114 43 717 710 920 
5115 931 1119 871 1120 
5116 167 147 166 927 
5117 603 602 609 963 
5118 363 379 380 1067 
5119 137 243 242 1088 
5120 162 148 300 974 
5121 867 966 1024 1075 
5122 661 670 85 1050 
5123 484 567 736 1152 
5124 758 1070 726 1135 
5125 269 970 328 1143 
5126 719 485 713 1124 
5127 520 780 72 497 
5128 581 86 87 1029 
5129 109 110 401 962 
5130 547 586 551 1030 
5131 860 1045 938 1157 
5132 34 201 284 1058 
5133 224 246 247 995 
5134 286 178 287 1063 
5135 729 992 479 1094 
5136 599 1100 494 1132 
5137 140 142 315 372 
5138 604 1038 621 1079 
5139 600 494 495 1136 
5140 772 740 789 939 
5141 616 466 465 941 
5142 205 147 167 927 
5143 701 453 700 1151 
5144 861 1068 929 1086 
5145 846 1025 984 1133 
5146 262 263 249 964 
5147 491 519 703 1022 
5148 627 616 615 941 
5149 1010 847 1142 1150 
5150 533 520 472 1049 
5151 110 422 424 978 
5152 407 455 402 1020 
5153 612 34 613 971 
5154 907 1122 1030 1146 
5155 109 401 91 962 
5156 640 809 764 641 
5157 297 292 220 1112 
5158 346 174 196 1067 
5159 169 145 389 144 
5160 880 1029 1041 1107 
5161 938 1057 860 1157 
5162 609 591 590 1015 
5163 110 109 422 978 
5164 43 44 188 920 
5165 258 235 337 957 
5166 380 379 386 974 
5167 217 215 332 911 
5168 429 451 753 1013 
5169 741 650 540 1097 
5170 374 382 159 1053 
5171 809 640 764 489 
5172 430 595 431 1061 
5173 564 982 762 1120 
5174 636 57 56 1040 
5175 436 438 1078 1145 
5176 243 335 1088 1159 
5177 291 180 240 244 
5178 473 685 535 941 
5179 253 252 251 1072 
5180 38 37 610 1004 
5181 578 515 941 1124 
5182 295 290 275 1010 
5183 960 848 1091 1092 
5184 131 494 599 1100 
5185 523 674 417 990 
5186 720 719 713 1124 
5187 1078 1130 436 1145 
5188 506 505 12 1066 
5189 422 109 426 978 
5190 851 918 1103 1160 
5191 460 494 493 1100 
5192 961 851 1048 1134 
5193 131 690 493 1100 
5194 201 231 364 1058 
5195 148 146 359 1055 
5196 1070 1093 855 1135 
5197 596 411 409 1079 
5198 206 275 208 1010 
5199 827 1084 1021 1118 
5200 32 613 33 971 
5201 756 563 583 1157 
5202 317 323 313 1125 
5203 758 742 726 1070 
5204 273 316 54 1000 
5205 183 186 185 1095 
5206 352 164 251 1129 
5207 190 294 188 918 
5208 157 927 387 1047 
5209 178 2 204 1018 
5210 566 791 567 1006 
5211 130 635 815 816 
5212 716 715 767 1124 
5213 451 453 454 1151 
5214 499 436 500 1130 
5215 871 1012 982 1119 
5216 297 22 333 930 
5217 33 613 34 1133 
5218 383 346 174 358 
5219 5 432 545 1092 
5220 380 156 158 386 
5221 551 531 549 1113 
5222 158 349 351 362 
5223 516 555 554 1035 
5224 134 171 227 229 
5225 384 195 196 1067 
5226 436 437 438 1145 
5227 154 1074 338 1102 
5228 249 263 268 1127 
5229 510 662 503 1017 
5230 567 565 566 1006 
5231 754 755 1093 1116 
5232 804 801 22 930 
5233 553 550 549 1035 
5234 643 644 543 1070 
5235 787 788 8 939 
5236 731 791 566 728 
5237 73 72 533 727 
5238 550 547 551 1030 
5239 582 581 1029 1041 
5240 780 739 72 497 
5241 454 1151 968 1152 
5242 710 522 1003 1128 
5243 669 653 652 1064 
5244 356 370 192 1059 
5245 850 939 1082 1119 
5246 720 627 615 1124 
5247 145 389 397 392 
5248 257 381 265 1047 
5249 489 764 811 760 
5250 708 709 777 1082 
5251 57 442 58 1040 
5252 644 750 576 1093 
5253 324 243 335 1088 
5254 258 318 235 957 
5255 737 703 702 1022 
5256 503 589 548 1027 
5257 34 942 1058 1133 
5258 801 21 22 930 
5259 508 427 507 1013 
5260 787 786 790 939 
5261 726 1108 1099 1135 
5262 451 700 452 453 
5263 391 165 361 331 
5264 730 722 723 1034 
5265 586 681 815 128 
5266 509 442 636 1040 
5267 67 430 799 593 
5268 710 521 45 1003 
5269 589 516 553 1035 
5270 80 762 756 982 
5271 336 360 155 1055 
5272 750 754 1093 1135 
5273 375 376 173 1053 
5274 440 406 475 1083 
5275 619 569 584 1045 
5276 616 941 465 1155 
5277 81 762 80 982 
5278 5 62 432 1092 
5279 623 613 32 971 
5280 53 54 316 1000 
5281 726 540 526 1108 
5282 142 141 140 162 
5283 28 29 6 1050 
5284 328 269 253 970 
5285 429 753 427 1013 
5286 34 942 35 1058 
5287 576 750 751 1093 
5288 383 160 375 1053 
5289 515 462 578 941 
5290 236 310 276 1111 
5291 523 672 674 990 
5292 631 25 954 1106 
5293 48 317 47 1125 
5294 422 423 424 978 
5295 387 157 156 927 
5296 375 173 358 1053 
5297 84 980 85 1116 
5298 27 28 179 1050 
5299 985 1098 829 1160 
5300 310 1111 236 1150 
5301 487 768 498 796 
5302 637 662 510 1017 
5303 390 395 143 144 
5304 610 39 38 1056 
5305 106 954 3 1046 
5306 27 670 28 1050 
5307 658 659 655 1013 
5308 388 159 382 1053 
5309 569 571 584 1045 
5310 586 547 133 1146 
5311 672 674 990 1153 
5312 411 1079 82 1099 
5313 850 1082 939 1153 
5314 436 503 500 1078 
5315 273 54 55 994 
5316 1010 1111 847 1150 
5317 131 450 132 1132 
5318 805 309 802 308 
5319 937 868 1113 1137 
5320 682 779 91 1068 
5321 187 185 186 1156 
5322 3 106 632 954 
5323 920 1003 1098 1128 
5324 740 739 789 939 
5325 184 71 186 1095 
5326 461 546 458 983 
5327 1070 855 1108 1135 
5328 669 405 572 1064 
5329 128 815 586 133 
5330 623 611 613 971 
5331 768 704 487 485 
5332 680 671 587 1113 
5333 194 196 195 1067 
5334 78 640 809 489 
5335 657 408 445 1097 
5336 304 306 303 1142 
5337 771 481 480 977 
5338 85 86 670 813 
5339 428 427 508 1013 
5340 416 418 468 1036 
5341 458 546 434 983 
5342 1060 1094 614 1128 
5343 72 73 533 520 
5344 671 532 531 1113 
5345 37 591 610 1004 
5346 847 953 1142 1150 
5347 84 85 661 812 
5348 682 1068 91 1136 
5349 384 196 330 1067 
5350 68 179 28 1050 
5351 304 1142 303 1150 
5352 560 423 422 978 
5353 186 185 1095 1156 
5354 39 602 40 1080 
5355 563 474 476 1157 
5356 619 434 546 983 
5357 131 493 494 1100 
5358 392 397 145 143 
5359 383 346 255 1067 
5360 425 683 502 1068 
5361 799 800 65 648 
5362 402 455 403 1120 
5363 262 251 263 1129 
5364 989 1104 864 1149 
5365 153 152 180 370 
5366 429 427 428 1013 
5367 655 659 528 1013 
5368 737 689 535 1022 
5369 712 436 1130 1145 
5370 524 1099 724 1135 
5371 740 771 480 977 
5372 387 154 338 1102 
5373 764 811 809 489 
5374 296 313 189 1103 
5375 193 222 192 1059 
5376 564 403 455 1120 
5377 133 701 1032 1151 
5378 388 382 374 1053 
5379 402 404 72 1120 
5380 237 275 290 1010 
5381 165 363 361 1067 
5382 504 715 716 1124 
5383 628 738 660 1096 
5384 810 811 809 764 
5385 528 659 508 1013 
5386 125 126 307 817 
5387 137 801 20 806 
5388 601 40 602 1080 
5389 737 702 689 1022 
5390 243 241 279 1159 
5391 774 694 478 748 
5392 199 187 277 307 
5393 478 775 774 748 
5394 312 185 200 1156 
5395 131 599 450 1132 
5396 685 473 515 941 
5397 162 300 315 974 
5398 225 191 306 1142 
5399 2 179 68 1018 
5400 396 397 399 143 
5401 715 466 627 1124 
5402 238 214 342 1056 
5403 39 40 343 1080 
5404 486 485 585 1124 
5405 533 471 472 520 
5406 397 392 399 143 
5407 330 196 329 1067 
5408 756 762 564 982 
5409 28 738 29 1050 
5410 792 685 585 1124 
5411 643 778 644 1070 
5412 631 88 87 954 
5413 717 1060 614 1128 
5414 758 725 750 1135 
5415 505 678 677 1066 
5416 787 8 786 939 
5417 9 604 621 1079 
5418 685 941 515 1124 
5419 801 806 137 1159 
5420 285 177 286 1063 
5421 173 390 367 376 
5422 751 754 755 1093 
5423 276 71 7 1111 
5424 535 689 534 1022 
5425 257 157 381 1047 
5426 750 725 754 1135 
5427 429 452 451 1013 
5428 645 403 564 1120 
5429 710 717 522 1128 
5430 871 1119 982 1120 
5431 803 801 805 1159 
5432 63 800 62 1015 
5433 712 50 49 1130 
5434 419 779 425 1068 
5435 712 437 436 1145 
5436 73 72 727 402 
5437 137 138 801 1159 
5438 375 161 376 1053 
5439 621 605 608 1038 
5440 465 580 782 1155 
5441 312 58 57 378 
5442 331 330 329 1067 
5443 709 786 777 1082 
5444 847 1111 1002 1150 
5445 374 329 373 1053 
5446 686 574 62 996 
5447 160 363 165 1067 
5448 669 652 668 1064 
5449 191 193 192 1059 
5450 684 456 452 1013 
5451 669 668 405 1064 
5452 201 35 231 1058 
5453 9 411 596 1079 
5454 726 1099 524 1135 
5455 661 28 670 1050 
5456 611 612 613 971 
5457 452 457 700 1013 
5458 114 109 422 110 
5459 800 590 65 648 
5460 636 442 57 1040 
5461 683 779 682 1068 
5462 64 782 580 573 
5463 444 746 775 747 
5464 9 596 604 1079 
5465 232 38 342 1056 
5466 329 226 373 1053 
5467 562 614 1094 1128 
5468 519 702 703 1022 
5469 10 3 357 1046 
5470 811 489 760 808 
5471 82 411 9 1079 
5472 242 243 266 1088 
5473 82 9 621 1079 
5474 20 801 137 138 
5475 139 348 151 1143 
5476 664 406 744 1083 
5477 214 213 212 1127 
5478 554 553 516 1035 
5479 801 803 806 1159 
5480 207 208 7 1111 
5481 28 6 68 1050 
5482 293 321 302 1033 
5483 525 411 82 1099 
5484 421 577 714 1041 
5485 640 645 79 809 
5486 712 624 437 1145 
5487 290 225 304 1142 
5488 2 178 179 1018 
5489 376 375 173 358 
5490 10 116 3 1046 
5491 526 411 524 1099 
5492 590 65 63 800 
5493 631 25 3 954 
5494 283 118 282 820 
5495 582 87 88 1029 
5496 785 784 665 699 
5497 350 331 361 1067 
5498 506 678 505 1066 
5499 187 200 185 1156 
5500 402 572 407 1020 
5501 366 388 159 382 
5502 702 448 653 689 
5503 133 1032 132 1146 
5504 503 438 589 1078 
5505 334 243 279 1159 
5506 658 558 655 617 
5507 587 671 531 1113 
5508 594 592 649 1061 
5509 396 397 143 395 
5510 174 358 173 1053 
5511 567 791 736 1152 
5512 243 242 241 137 
5513 135 220 297 278 
5514 371 327 359 1055 
5515 191 192 370 1059 
5516 146 371 359 1055 
5517 305 304 303 1150 
5518 241 19 279 806 
5519 160 165 159 1053 
5520 515 473 537 462 
5521 711 709 707 1153 
5522 568 475 664 1083 
5523 111 112 449 1158 
5524 309 335 334 1159 
5525 452 429 684 1013 
5526 373 388 374 1053 
5527 132 133 701 1032 
5528 594 595 430 1061 
5529 489 811 809 808 
5530 553 554 550 1035 
5531 194 255 346 1067 
5532 518 437 624 1145 
5533 486 585 685 1124 
5534 725 524 724 1135 
5535 425 779 683 1068 
5536 744 667 650 1097 
5537 324 266 243 1088 
5538 309 227 335 1159 
5539 577 581 582 1041 
5540 751 750 754 1093 
5541 819 282 289 239 
5542 711 672 771 1153 
5543 19 241 137 806 
5544 599 449 450 1132 
5545 587 531 551 1113 
5546 768 487 704 796 
5547 727 572 402 1020 
5548 456 457 452 1013 
5549 242 269 328 1143 
5550 194 346 196 1067 
5551 106 3 116 1046 
5552 726 524 725 1135 
5553 562 717 614 1128 
5554 379 160 383 1067 
5555 353 251 252 1072 
5556 330 329 196 384 
5557 661 738 28 1050 
5558 631 632 88 954 
5559 547 128 586 133 
5560 406 664 475 1083 
5561 87 582 581 1029 
5562 657 445 651 1097 
5563 540 726 742 1108 
5564 660 629 628 1096 
5565 436 438 503 1078 
5566 570 765 617 618 
5567 605 621 604 1038 
5568 524 411 525 1099 
5569 130 635 681 815 
5570 249 268 213 1127 
5571 212 213 268 1127 
5572 331 350 330 1067 
5573 39 238 38 1056 
5574 525 724 524 1099 
5575 74 811 764 760 
5576 173 393 376 358 
5577 167 147 141 166 
5578 758 778 643 1070 
5579 614 732 413 1060 
5580 392 398 399 143 
5581 710 522 521 1003 
5582 63 609 590 1015 
5583 357 25 285 1106 
5584 226 175 373 1053 
5585 715 627 767 1124 
5586 777 786 699 1082 
5587 820 118 282 819 
5588 72 73 404 402 
5589 477 541 433 1065 
5590 12 454 453 1151 
5591 526 524 726 1099 
5592 631 3 632 954 
5593 286 177 178 1063 
5594 645 81 79 809 
5595 366 389 388 382 
5596 489 809 78 808 
5597 71 116 10 1046 
5598 224 343 40 1080 
5599 742 758 643 1070 
5600 767 627 720 1124 
5601 574 492 573 1155 
5602 342 38 238 1056 
5603 780 520 496 497 
5604 614 717 732 1060 
5605 236 276 7 1111 
5606 768 713 704 485 
5607 243 137 241 1159 
5608 588 671 680 1158 
5609 529 723 656 1090 
5610 477 568 541 1065 
5611 782 616 465 1155 
5612 296 317 313 1125 
5613 296 47 317 1125 
5614 747 746 775 748 
5615 119 282 819 239 
5616 352 251 262 1129 
5617 768 716 498 796 
5618 757 563 476 1157 
5619 790 787 788 789 
5620 522 717 562 1128 
5621 291 240 55 244 
5622 383 255 379 1067 
5623 601 41 40 1080 
5624 538 536 537 472 
5625 201 34 35 1058 
5626 327 360 336 1055 
5627 22 807 804 297 
5628 665 698 785 699 
5629 488 78 77 808 
5630 650 445 540 1097 
5631 284 33 34 1133 
5632 84 85 754 1116 
5633 302 248 246 1033 
5634 578 504 515 1124 
5635 23 68 24 209 
5636 629 83 630 1096 
5637 66 799 648 593 
5638 651 650 667 1097 
5639 640 79 78 809 
5640 515 486 685 1124 
5641 659 658 696 718 
5642 816 131 450 132 
5643 24 23 209 210 
5644 672 707 674 1153 
5645 578 715 504 1124 
5646 492 616 573 1155 
5647 359 327 336 1055 
5648 226 174 175 1053 
5649 310 236 305 1150 
5650 594 649 595 1061 
5651 155 156 387 154 
5652 803 279 19 806 
5653 156 369 157 158 
5654 515 504 486 1124 
5655 310 305 303 1150 
5656 12 453 133 1151 
5657 302 246 293 1033 
5658 244 818 821 121 
5659 453 701 133 1151 
5660 629 630 628 1096 
5661 445 650 651 1097 
5662 133 132 815 1146 
5663 184 106 107 104 
5664 236 7 208 1111 
5665 755 754 85 1116 
5666 242 348 139 1143 
5667 396 399 398 143 
5668 684 444 428 429 
5669 496 520 73 497 
5670 224 40 41 1080 
5671 527 728 529 1090 
5672 188 189 190 1103 
5673 242 328 348 1143 
5674 614 479 562 1094 
5675 355 328 272 348 
5676 161 375 160 1053 
5677 758 726 725 1135 
5678 199 127 198 820 
5679 660 84 629 1096 
5680 92 600 495 1136 
5681 804 807 172 136 
5682 563 757 583 1157 
5683 782 573 616 1155 
5684 725 724 754 1135 
5685 92 400 600 1136 
5686 810 74 811 764 
5687 313 190 189 1103 
5688 707 672 711 1153 
5689 821 240 244 121 
5690 304 225 306 1142 
5691 83 629 84 1096 
5692 682 92 495 1136 
5693 160 379 363 1067 
5694 402 403 404 1120 
5695 666 698 665 699 
5696 660 661 100 812 
5697 805 394 803 309 
5698 398 392 145 143 
5699 72 73 520 497 
5700 159 161 160 1053 
5701 682 91 92 1136 
5702 8 739 497 72 
5703 739 780 781 497 
5704 282 119 289 239 
5705 114 424 113 110 
5706 121 821 240 239 
5707 335 243 334 1159 
5708 712 499 50 1130 
5709 107 176 184 104 
5710 801 20 21 138 
5711 422 424 114 110 
5712 360 336 155 164 
5713 198 127 11 820 
5714 186 70 71 184 
5715 450 130 131 816 
5716 283 198 11 820 
5717 820 307 126 817 
5718 614 745 479 1094 
5719 366 397 389 392 
5720 52 381 257 157 
5721 780 496 781 497 
5722 793 81 784 699 
5723 654 670 86 813 
5724 815 681 130 129 
5725 760 75 74 808 
5726 6 24 68 209 
5727 799 66 67 593 
5728 109 93 91 401 
5729 71 117 10 116 
5730 358 383 346 255 
5731 577 582 714 1041 
5732 184 106 340 116 
5733 496 783 780 781 
5734 17 279 803 394 
5735 127 199 307 820 
5736 17 394 803 805 
5737 499 712 436 1130 
5738 784 785 793 699 
5739 23 24 219 211 
5740 645 79 81 762 
5741 752 776 746 748 
5742 173 175 174 1053 
5743 590 63 65 609 
5744 95 88 96 632 
5745 173 393 390 376 
5746 80 81 79 762 
5747 11 118 283 820 
5748 776 752 695 748 
5749 704 706 768 796 
5750 635 130 450 816 
5751 309 805 16 308 
5752 691 690 131 132 
5753 660 84 661 812 
5754 764 810 74 404 
5755 819 821 120 239 
5756 119 819 120 239 
5757 489 488 760 808 
5758 257 351 369 344 
5759 547 12 128 133 
5760 635 112 634 450 
5761 795 487 498 796 
5762 119 282 118 819 
5763 17 279 18 803 
5764 340 103 117 116 
5765 65 66 799 648 
5766 82 102 630 620 
5767 704 706 713 768 
5768 23 24 211 210 
5769 279 19 18 803 
5770 172 807 13 136 
5771 17 394 805 309 
5772 776 752 774 695 
5773 795 704 487 796 
5774 780 520 783 496 
5775 114 422 109 426 
5776 620 82 102 621 
5777 74 811 760 808 
5778 82 102 83 630 
5779 802 16 805 308 
5780 805 16 17 309 
5781 802 14 15 172 
5782 593 430 594 595 
5783 377 57 58 378 
5784 814 631 97 87 
5785 739 8 497 781 
5786 426 4 61 108 
5787 63 64 65 609 
5788 804 14 802 172 
5789 781 496 783 794 
5790 13 14 807 172 
5791 795 704 706 705 
5792 334 243 335 324 
5793 112 111 588 1158 
5794 426 115 4 108 
5795 101 83 102 630 
5796 137 20 19 806 
5797 796 795 706 705 
5798 488 489 78 808 
5799 419 421 89 714 
5800 694 774 695 748 
5801 22 297 333 292 
5802 804 807 14 172 
5803 100 84 660 812 
5804 117 184 340 116 
5805 109 115 426 108 
5806 774 775 746 748 
5807 136 807 13 278 
5808 84 83 101 629 
5809 681 815 128 129 
5810 818 180 124 123 
5811 112 588 680 1158 
5812 821 121 120 239 
5813 814 631 87 633 
5814 818 244 122 121 
5815 810 73 74 404 
5816 640 764 489 641 
5817 82 9 102 621 
5818 695 696 694 748 
5819 95 89 88 632 
5820 496 781 497 794 
5821 98 670 654 813 
5822 106 104 340 103 
5823 90 94 597 598 
5824 697 793 797 785 
5825 100 84 101 629 
5826 89 95 642 632 
5827 1 13 807 278 
5828 126 127 307 820 
5829 698 697 797 785 
5830 186 71 70 276 
5831 654 86 98 813 
5832 23 24 2 219 
5833 109 115 114 426 
5834 184 106 104 340 
5835 670 99 85 813 
5836 681 635 130 129 
5837 24 68 23 69 
5838 811 809 8 810 
5839 297 1 807 278 
5840 105 176 107 104 
5841 93 90 94 597 
5842 802 15 16 308 
5843 94 90 89 598 
5844 70 71 7 276 
5845 68 24 6 69 
5846 760 761 75 808 
5847 83 101 629 630 
5848 96 88 631 632 
5849 91 93 92 401 
5850 22 1 807 297 
5851 180 124 822 818 
5852 598 89 95 642 
5853 94 89 95 598 
5854 697 793 785 699 
5855 85 99 661 812 
5856 661 99 85 670 
5857 488 761 760 808 
5858 785 698 697 699 
5859 96 88 87 631 
5860 97 96 87 631 
5861 695 774 776 748 
5862 117 103 3 116 
5863 180 124 152 822 
5864 489 488 761 760 
5865 746 776 775 774 
5866 84 100 660 629 
5867 774 746 776 748 
5868 564 645 641 403 
5869 404 764 641 403 
5870 706 704 795 796 
5871 72 73 810 404 
5872 98 631 814 633 
5873 98 631 97 814 
5874 280 1140 264 316 
5875 264 1140 280 1059 
5876 1054 1084 894 827 
5877 894 1084 1054 902 
5878 1055 298 299 359 
5879 1055 299 298 974 
5880 1040 1076 966 863 
5881 966 1076 1040 826 
5882 1076 1040 994 863 
5883 1076 994 1040 903 
5884 852 229 984 271 
5885 852 984 229 228 
5886 854 537 536 472 
5887 854 536 537 539 
5888 1056 833 1004 864 
5889 1056 1004 833 959 
5890 1049 534 923 854 
5891 1049 923 534 533 
5892 871 563 972 455 
5893 871 972 563 1157 
5894 727 1049 72 533 
5895 72 1049 727 931 
5896 753 1013 731 507 
5897 753 731 1013 897 
5898 527 731 1013 507 
5899 527 1013 731 897 
5900 1137 842 936 944 
5901 1137 936 842 868 
5902 1025 1009 912 846 
5903 1025 912 1009 892 
5904 676 1006 565 567 
5905 565 1006 676 955 
5906 1088 984 228 250 
5907 1088 228 984 852 
5908 997 931 977 850 
5909 997 977 931 837 
5910 860 583 756 730 
5911 860 756 583 1157 
5912 974 156 1055 386 
5913 974 1055 156 927 
5914 1003 189 45 44 
5915 1003 45 189 916 
5916 150 1143 149 151 
5917 149 1143 150 869 
5918 1155 63 580 573 
5919 1155 580 63 991 
5920 768 498 485 487 
5921 485 498 768 716 
5922 993 1105 905 832 
5923 905 1105 993 857 
5924 905 1085 993 832 
5925 993 1085 905 857 
5926 995 989 913 864 
5927 995 913 989 843 
5928 272 311 879 355 
5929 272 879 311 223 
5930 264 1140 1047 316 
5931 1047 1140 264 935 
5932 1004 1144 1104 848 
5933 1104 1144 1004 963 
5934 1159 134 229 930 
5935 1159 229 134 227 
5936 979 354 190 918 
5937 979 190 354 322 
5938 1065 476 435 477 
5939 1065 435 476 938 
5940 809 404 81 810 
5941 81 404 809 645 
5942 910 1129 970 164 
5943 910 970 1129 1072 
5944 253 970 1129 164 
5945 253 1129 970 1072 
5946 1150 1111 276 310 
5947 276 1111 1150 1002 
5948 276 277 1150 310 
5949 1150 277 276 1002 
5950 831 1114 921 952 
5951 831 921 1114 893 
5952 951 921 1114 952 
5953 951 1114 921 893 
5954 1125 734 46 47 
5955 1125 46 734 916 
5956 1006 1014 1152 874 
5957 1006 1152 1014 839 
5958 968 1152 1014 874 
5959 968 1014 1152 839 
5960 1035 518 517 516 
5961 1035 517 518 883 
5962 933 1147 876 836 
5963 876 1147 933 1009 
5964 1108 759 741 902 
5965 1108 741 759 742 
5966 688 1153 990 674 
5967 990 1153 688 955 
5968 1098 916 849 1003 
5969 1098 849 916 985 
5970 1110 1012 1057 824 
5971 1110 1057 1012 860 
5972 1017 646 637 662 
5973 1017 637 646 903 
5974 1022 615 703 491 
5975 1022 703 615 941 
5976 721 703 615 491 
5977 721 615 703 941 
5978 8 1082 1119 81 
5979 1119 1082 8 939 
5980 1123 942 833 1019 
5981 1123 833 942 1058 
5982 83 1096 82 630 
5983 83 82 1096 901 
5984 620 82 1096 630 
5985 620 1096 82 901 
5986 1123 1147 876 1009 
5987 876 1147 1123 1019 
5988 277 1156 863 187 
5989 863 1156 277 1002 
5990 1051 1001 1104 877 
5991 1051 1104 1001 833 
5992 1065 770 951 541 
5993 1065 951 770 893 
5994 974 141 142 162 
5995 974 142 141 301 
5996 1011 1041 1107 929 
5997 1107 1041 1011 888 
5998 1060 42 43 732 
5999 1060 43 42 884 
6000 1090 618 897 965 
6001 1090 897 618 656 
6002 1033 354 995 293 
6003 1033 995 354 918 
6004 294 995 354 293 
6005 294 354 995 918 
6006 1159 134 804 171 
6007 1159 804 134 930 
6008 946 198 820 307 
6009 946 820 198 281 
6010 528 1090 529 656 
6011 529 1090 528 527 
6012 1062 898 850 997 
6013 1062 850 898 990 
6014 1046 207 1111 917 
6015 1046 1111 207 10 
6016 660 980 1050 84 
6017 1050 661 660 84 
6018 660 661 1050 738 
6019 1011 1109 838 962 
6020 838 1109 1011 973 
6021 1040 637 638 636 
6022 1040 638 637 903 
6023 1013 456 444 684 
6024 1013 444 456 478 
6025 775 444 456 684 
6026 775 456 444 478 
6027 1078 662 500 949 
6028 1078 500 662 503 
6029 117 71 184 116 
6030 117 184 71 70 
6031 88 986 632 89 
6032 632 986 88 954 
6033 1125 625 734 47 
6034 1125 734 625 943 
6035 898 858 992 1077 
6036 898 992 858 1094 
6037 187 198 307 199 
6038 187 307 198 200 
6039 1149 1080 989 884 
6040 1149 989 1080 864 
6041 995 989 1080 884 
6042 995 1080 989 864 
6043 1060 43 717 732 
6044 1060 717 43 920 
6045 1100 461 743 493 
6046 1100 743 461 983 
6047 633 1106 26 25 
6048 26 1106 633 926 
6049 500 1130 552 499 
6050 552 1130 500 949 
6051 1130 1154 1078 949 
6052 1078 1154 1130 866 
6053 1050 84 85 661 
6054 1050 85 84 980 
6055 1139 1028 919 873 
6056 1139 919 1028 889 
6057 169 1053 373 175 
6058 373 1053 169 388 
6059 1155 615 1022 492 
6060 1155 1022 615 941 
6061 361 349 1067 362 
6062 1067 349 361 350 
6063 1108 1054 1099 855 
6064 1108 1099 1054 894 
6065 1058 284 230 201 
6066 1058 230 284 984 
6067 946 377 289 378 
6068 946 289 377 347 
6069 1066 547 550 1030 
6070 1066 550 547 506 
6071 1083 477 568 475 
6072 1083 568 477 1065 
6073 1061 590 594 592 
6074 1061 594 590 1015 
6075 648 594 590 592 
6076 648 590 594 1015 
6077 633 98 86 814 
6078 86 98 633 654 
6079 179 1063 178 177 
6080 178 1063 179 1018 
6081 1146 635 815 681 
6082 1146 815 635 450 
6083 1053 391 159 374 
6084 1053 159 391 165 
6085 382 159 391 374 
6086 382 391 159 165 
6087 1149 1144 858 928 
6088 1149 858 1144 963 
6089 1095 116 184 71 
6090 1095 184 116 106 
6091 1094 729 415 745 
6092 1094 415 729 992 
6093 1093 778 1135 1070 
6094 1093 1135 778 750 
6095 758 1135 778 1070 
6096 758 778 1135 750 
6097 358 1053 383 375 
6098 383 1053 358 174 
6099 229 230 984 284 
6100 984 230 229 228 
6101 1157 584 938 757 
6102 1157 938 584 1045 
6103 435 938 584 757 
6104 435 584 938 1045 
6105 355 146 1055 371 
6106 1055 146 355 311 
6107 1050 29 912 738 
6108 1050 912 29 6 
6109 30 912 29 738 
6110 30 29 912 6 
6111 1136 401 92 400 
6112 1136 92 401 91 
6113 806 279 1159 803 
6114 432 62 67 430 
6115 432 67 62 5 
6116 93 109 90 597 
6117 93 90 109 91 
6118 332 138 21 368 
6119 21 138 332 333 
6120 241 806 1159 137 
6121 1159 806 241 279 
6122 53 265 914 316 
6123 53 914 265 381 
6124 180 244 822 240 
6125 180 822 244 818 
6126 821 822 244 240 
6127 821 244 822 818 
6128 411 410 894 526 
6129 411 894 410 409 
6130 793 699 8 81 
6131 8 699 793 697 
6132 176 107 108 105 
6133 108 4 176 105 
6134 176 4 108 61 
6135 256 255 974 379 
6136 256 974 255 254 
6137 699 8 1082 786 
6138 699 1082 8 81 
6139 15 171 802 172 
6140 15 802 171 308 
6141 158 363 974 362 
6142 974 363 158 380 
6143 116 103 106 340 
6144 116 106 103 3 
6145 818 122 180 123 
6146 818 180 122 244 
6147 291 180 122 123 
6148 291 122 180 244 
6149 659 748 478 696 
6150 478 748 659 747 
6151 488 76 75 77 
6152 75 76 488 761 
6153 75 808 488 77 
6154 488 808 75 761 
6155 1050 660 1096 980 
6156 1096 660 1050 738 
6157 108 176 899 107 
6158 899 176 108 61 
$EndElements
$Parametrizations
13 13
15
7
-72.91837310791016 638.7132568359375 0 0
-70.34959411621094 638.7438354492188 0 1
-67.06454467773438 644.4407348632812 0 2
-70.34959411621094 649.8392333984375 0 3
-73.71415710449219 649.8662109375 0 4
-76.00026702880859 644.4646606445312 0 5
-72.91837310791016 638.7132568359375 0 6
16
4
-77.81072998046875 636.0408935546875 3.766648292541504 0
-76.10544586181641 636.3662109375 5.79069185256958 1
-74.77622222900391 635.0623168945312 5.359330654144287 2
-77.81072998046875 636.0408935546875 3.766648292541504 3
17
19
-89.09272003173828 632.697509765625 7.459105014801025 0
-83.64100646972656 631.7162475585938 6.804246425628662 1
-78.18929290771484 632.697509765625 7.459105014801025 2
-77.05410003662109 631.396484375 7.62506103515625 3
-74.018798828125 633.2518920898438 9.484465599060059 4
-71.61772918701172 635.1088256835938 7.056585311889648 5
-69.81953430175781 640.6068725585938 9.43817138671875 6
-68.20400238037109 644.7356567382812 19.25749969482422 7
-68.93778228759766 648.9789428710938 18.3425464630127 8
-70.59770202636719 652.95751953125 21.71531295776367 9
-74.29941558837891 654.884033203125 24.67804336547852 10
-83.64100646972656 657.3201293945312 26.6871395111084 11
-89.44397735595703 657.2725830078125 12.87572288513184 12
-89.08889007568359 654.6185302734375 7.965133666992188 13
-94.73297119140625 648.3987426757812 4.958863258361816 14
-97.53672027587891 644.0932006835938 7.724125862121582 15
-97.46247863769531 640.6068725585938 9.43817138671875 16
-98.55001831054688 635.8800659179688 10.46288585662842 17
-95.53811645507812 632.4786987304688 12.466872215271 18
18
4
-70.74666595458984 639.130859375 26.62888145446777 0
-70.36501312255859 647.199951171875 27.16684341430664 1
-66.13394165039062 641.7146606445312 26.1817455291748 2
-70.74666595458984 639.130859375 26.62888145446777 3
19
5
-75.79421997070312 633.1447143554688 6.934974193572998 0
-76.93397521972656 634.4797973632812 6.741481781005859 1
-77.94802093505859 634.8504638671875 5.414375305175781 2
-76.81535339355469 633.5032348632812 5.813806056976318 3
-75.79421997070312 633.1447143554688 6.934974193572998 4
20
4
-89.47128295898438 636.0408935546875 3.766648292541504 0
-92.50579071044922 635.0623168945312 5.359330654144287 1
-91.17656707763672 636.3662109375 5.79069185256958 2
-89.47128295898438 636.0408935546875 3.766648292541504 3
21
5
-82.56629943847656 644.0545043945312 36.65193176269531 0
-79.14485168457031 641.5248413085938 35.66220855712891 1
-81.59619140625 641.6053466796875 45.09887313842773 2
-87.09265899658203 641.311279296875 35.64320755004883 3
-82.56629943847656 644.0545043945312 36.65193176269531 4
22
11
-71.14508056640625 634.1008911132812 19.33215713500977 0
-72.99285125732422 634.5770874023438 17.77396583557129 1
-77.32585906982422 632.251708984375 13.04769229888916 2
-83.64100646972656 631.1179809570312 11.34194183349609 3
-89.95615386962891 632.251708984375 13.04769229888916 4
-94.28916168212891 634.5770874023438 17.77396583557129 5
-96.13693237304688 634.1008911132812 19.33215713500977 6
-90.44374847412109 630.9696044921875 13.25994777679443 7
-83.64100646972656 629.5701904296875 11.10642051696777 8
-76.83826446533203 630.9696044921875 13.25994777679443 9
-71.14508056640625 634.1008911132812 19.33215713500977 10
23
4
-89.09272003173828 632.697509765625 7.459105014801025 0
-90.22791290283203 631.396484375 7.62506103515625 1
-93.26321411132812 633.2518920898438 9.484465599060059 2
-95.53811645507812 632.4786987304688 12.466872215271 3
24
5
-89.09272003173828 632.697509765625 7.459105014801025 0
-92.15020751953125 634.5613403320312 9.404991149902344 1
-94.51567077636719 633.339111328125 12.35411548614502 2
-98.7352294921875 640.3289794921875 20.30267524719238 3
-95.53811645507812 632.4786987304688 12.466872215271 4
25
5
-89.33399200439453 634.8504638671875 5.414375305175781 0
-90.34803771972656 634.4797973632812 6.741481781005859 1
-91.48779296875 633.1447143554688 6.934974193572998 2
-90.46665954589844 633.5032348632812 5.813806056976318 3
-89.33399200439453 634.8504638671875 5.414375305175781 4
26
7
-96.93241882324219 638.7438354492188 0 0
-100.2174682617188 644.4407348632812 0 1
-96.93241882324219 649.8392333984375 0 2
-93.56785583496094 649.8662109375 0 3
-91.28174591064453 644.4646606445312 0 4
-94.36363983154297 638.7132568359375 0 5
-96.93241882324219 638.7438354492188 0 6
27
4
-96.91699981689453 647.199951171875 27.16684341430664 0
-101.1480712890625 641.7146606445312 26.1817455291748 1
-96.53534698486328 639.130859375 26.62888145446777 2
-96.91699981689453 647.199951171875 27.16684341430664 3
2
95 153
-72.91837310791016 638.7132568359375 0 0.2407064055588289 -0.6380884112078481 0.1585588895767247 -0.1210383966585805 0.07274896733910505 0.04000891732741774 0.02194947967916253 -0.05068167716470806
-70.34959411621094 638.7438354492188 0 0.3055169219267623 -0.6385533706226333 0.185020627837277 0.135819718844775 0.01550373643570527 -0.0242151475415129 0.04485201968222825 -0.1039418406163222
-72.00367736816406 639.461181640625 4.958863258361816 0.2866678578039705 -0.7071438365044362 0.1626647101464954 0.06643833797076419 0.09419673902855326 0.03687018408886573 0.006654593897246677 -0.06836327916101995
-73.95293426513672 639.461181640625 3.29001259803772 0.167996882590406 -0.6572017829336887 0.04665347072101155 -0.02950674284909538 0.06092628692548601 -0.05094107195915543 -0.01886599634199536 0.02987058293432432
-73.26101684570312 639.4519653320312 5.974302768707275 0.2347506349315622 -0.7656821496264132 0.08785230041250371 0.02250758108873722 0.06951808295301697 0.05135469784464665 0.09418078609085238 -0.09539115206994263
-77.81072998046875 636.0408935546875 3.766648292541504 -0.1416025617437627 -0.7121049129650493 0.03453117251296265 0.02398227379835117 -0.003636182548701037 -0.01619631246029377 0.01862920750898527 -0.03094093957237035
-79.47527313232422 639.461181640625 0 -0.1562098078480543 -0.4533055792472215 0.0231919482501798 -0.07578885419719902 0.03225447705990823 -0.02523309527229331 -0.009361032613401035 -0.003852404610206583
-77.39896392822266 644.1032104492188 0 -0.007827055538522452 -0.3654575748988855 -0.02395896591561244 -0.08834257362758068 -0.01385490442273172 -0.00643354009896125 0.002180536796461858 -0.002778313250446263
-75.58953857421875 644.1015014648438 1.574037790298462 0.1095898262319818 -0.4431860443564904 -0.01743296103704822 -0.19591339343124 -0.07930569433554815 -0.09117103552067075 -0.008595250475794796 0.04127453678413099
-77.62619781494141 648.4442138671875 1.399185180664062 0.04119134194537218 -0.2205194080247049 0.04393512114194883 0.08513807485023493 0.09753065893038916 -0.06432053127188851 0.07823240168485276 -0.03931713144428368
-74.50273895263672 648.416259765625 3.589090347290039 0.2226882810482736 -0.2899207415916314 -0.09707825282754311 -0.03144998456881044 -0.09996815036291361 -0.02237408148840071 0.009394265586321112 0.01877185108434386
-78.19312286376953 654.6185302734375 7.965133666992188 0.1922284007876204 0.1535216523168603 0.01664942611535087 -0.02367491045464135 -0.026777644079057 -0.02024520713566782 0.009019147504397494 -0.02056187573161881
-72.54904174804688 648.3987426757812 4.958863258361816 0.3409987240142103 -0.3360717272973165 0.09833031665032627 -0.06302637934251187 0.07707434667150376 -0.001107654223335517 0.001355851144979103 0.002521855682325855
-72.97721862792969 652.0643310546875 11.96033096313477 0.5522191944111418 -0.08710266327410014 0.02963770830967671 -0.0296945829361678 0.007563292007624074 -0.001196947845961741 -0.004315166267318845 -0.01225157925865301
-77.83803558349609 657.2725830078125 12.87572288513184 0.3902211525602177 0.290158256330817 0.05504854282199442 -0.02915346376090448 -0.01980199847400925 0.01167470825152983 0.0004035275822431899 0.03186099883813598
-70.59770202636719 652.95751953125 21.71531295776367 1.000000000313972 1.317011607438302e-10 0.04773247606083674 -0.0590913063733176 -0.03356272955885964 -0.005031677577170611 0.01020151362232031 -0.02511700351867598
-74.29941558837891 654.884033203125 24.67804336547852 0.9651203317646223 0.2618066955750933 0.07154992816361394 -0.01947724816115226 -0.04099066550093779 0.007364461328089488 -0.01103854262504787 0.01809990406272024
-83.64100646972656 657.3201293945312 26.6871395111084 0.714222277072073 0.6999189519201081 0.01120355710797964 0.01561933541901946 -0.04043943053127871 -0.04078754980475704 0.00426485569524949 -0.009652743047714697
-83.64100646972656 658.0155639648438 12.60502624511719 0.1909250664391417 0.6087254258039246 0.07845522741833373 2.852957444916984e-05 0.000101044213359373 -3.039386942630059e-05 0.00617119262524933 0.02185673345455831
-89.44397735595703 657.2725830078125 12.87572288513184 0.02010268697063198 0.9997979204413323 0.05538337247428479 0.02934971389192091 0.02002606214091375 -0.01168633601146215 0.0003800984214155213 0.03176225639306426
-89.08889007568359 654.6185302734375 7.965133666992188 -0.266149510937893 0.9639317598044385 -0.01664942611535087 -0.02367491045464135 -0.026777644079057 -0.02024520713566781 -0.009019147504397484 0.0205618757316188
-83.64100646972656 656.0274047851562 7.482090950012207 -0.0004589772518289997 0.486575317235548 0.12708251979228 0 0 0 0.1264480720160933 -0.1669164154446474
-87.9315185546875 658.7021484375 5.25559139251709 -0.1769587914459621 0.4852419646468299 0.159198173778696 0.005917192798261843 0.1502734325285759 -0.01552078328250357 -0.1077108734603896 0.02068380489234338
-83.64100646972656 658.7800903320312 6.414927959442139 -0.05632489766278371 0.3914778369341313 0.1726954141977637 0 0 0 0.1464123732412439 -0.001079058853501177
-79.35049438476562 658.7021484375 5.25559139251709 0.001609375255471458 0.206547915234147 0.159198173778696 -0.005917192798261856 -0.150273432528576 0.01552078328250356 -0.1077108734603895 0.02068380489234338
-79.02272033691406 657.1500244140625 2.061543226242065 -0.02303017583909109 0.09195021003141436 0.05488392345841361 0.04794957079496948 0.196739343063857 -0.004762734903637135 0.01946704794572615 -0.003415885228002401
-79.61943817138672 664.1618041992188 4.775949001312256 -0.07626306164051411 0.2243172089476146 0.008330451903273899 -0.06868458714882128 0.248506748585115 -0.001529839745774393 0.007409095398183282 0.002099077461526875
-81.57650756835938 663.6617431640625 6.897575855255127 -0.07540269628857109 0.2832446528804558 0.2402290963155908 0.06477789606647069 -0.09054598229042897 0.005698801975970733 -0.03831270179173531 -0.01228986795187035
-80.70965576171875 670.2739868164062 10.06570053100586 -0.1005823273802176 0.2715979304246518 -0.1189415881991464 -0.03869057238583785 0.1590813312574344 -0.005943131451184499 0.07616353555201137 0.01408037809371531
-83.64100646972656 663.72412109375 7.058791637420654 -0.08949638568543694 0.3212827242832574 0.2147842723216581 0 0 0 0.003648870887901514 0.001423928495580906
-85.70550537109375 663.6617431640625 6.897575855255127 -0.1134960333478879 0.3397867880138425 0.2402290963155909 -0.06477789606647075 0.09054598229042897 -0.005698801975970743 -0.03831270179173534 -0.01228986795187036
-86.57235717773438 670.2739868164062 10.06570053100586 -0.1131052111563423 0.2891995685998108 0.1189415881991464 -0.03869057238583783 0.1590813312574344 -0.005943131451184497 -0.07616353555201137 -0.01408037809371531
-83.64100646972656 673.6088256835938 12.934983253479 -0.1080920320320888 0.2771199003151988 0.2798327908474705 5.077363318195958e-18 4.728290045162582e-18 0 0.1826549410211834 -0.1961397225149106
-87.66257476806641 664.1618041992188 4.775949001312256 -0.1454800488320177 0.3229978547727833 -0.008330451903273896 -0.06868458714882127 0.248506748585115 -0.001529839745774393 -0.007409095398183282 -0.002099077461526875
-88.25929260253906 657.1500244140625 2.061543226242065 -0.2355926241437096 0.3827303098061444 -0.05488392345841361 0.04794957079496948 0.196739343063857 -0.004762734903637135 -0.01946704794572615 0.003415885228002401
-85.61639404296875 663.1581420898438 0 -0.1657618397337337 0.2426667829682161 -0.1945583891636266 -0.03060133115321004 0.205369437379043 -0.008481864479742513 -0.04458582778359939 -0.01467892988120163
-86.69534301757812 656.1073608398438 0 -0.2325153265258202 0.2402197801437392 0.240225669117502 -0.06276002029768549 -0.1219864463970895 0.002281055744054613 0.009037027841734671 -0.0001573609932507556
-89.65581512451172 648.4442138671875 1.399185180664062 -0.4414436238972036 0.2804319435190031 -0.04393512114194881 0.08513807485023493 0.09753065893038915 -0.06432053127188854 -0.07823240168485276 0.0393171314442837
-92.77927398681641 648.416259765625 3.589090347290039 -0.5702173912692092 0.5550253120719003 0.09707825282754311 -0.03144998456881044 -0.09996815036291359 -0.02237408148840072 -0.009394265586321117 -0.01877185108434387
-94.73297119140625 648.3987426757812 4.958863258361816 -0.6677080037474026 0.7444232812954754 0.09833031665032622 0.06302637934251185 -0.07707434667150373 0.001107654223335512 0.001355851144979096 0.002521855682325843
-96.93241882324219 649.8392333984375 0 -0.6914306176218432 0.5567057465669443 0.1944932227452169 0.06046755671241313 -0.03666880299037498 0.001270045808657546 0.03713720390148396 0.06797634725266506
-93.56785583496094 649.8662109375 0 -0.6223108331652865 0.510795930999648 0.09616790504423932 -0.1334424318496696 -0.08855420339147711 -0.005773274590785369 0.00363794601951218 -0.01175167351257158
-91.69247436523438 644.1015014648438 1.574037790298462 -0.5962815531257113 0.2087289364792437 0.01743296103704825 -0.19591339343124 -0.07930569433554817 -0.09117103552067081 0.008595250475794795 -0.04127453678413103
-91.28174591064453 644.4646606445312 0 -0.6179731477896451 0.2471142255800064 -0.07036242272409397 -0.1582831002395554 -0.04954054686603272 -0.02375108180731199 0.01884933535881501 -0.02649037329596968
-93.32907867431641 639.461181640625 3.29001259803772 -0.7357721387035853 0.113223510547608 -0.04665347072101157 -0.02950674284909537 0.06092628692548601 -0.05094107195915541 0.01886599634199536 -0.02987058293432432
-94.36363983154297 638.7132568359375 0 -0.7593336092169038 0.2161786105205682 0.1585588895767247 0.1210383966585805 -0.07274896733910505 -0.04000891732741776 0.02194947967916254 -0.05068167716470807
-95.27833557128906 639.461181640625 4.958863258361816 -0.811055291483035 0.2181431837666779 0.1626647101464954 -0.06643833797076419 -0.09419673902855326 -0.03687018408886575 0.006654593897246681 -0.06836327916102
-96.93241882324219 638.7438354492188 0 -0.7930225060992351 0.2908798098371846 0.1850206278372771 -0.135819718844775 -0.01550373643570528 0.02421514754151287 0.04485201968222822 -0.1039418406163221
-97.53672027587891 644.0932006835938 7.724125862121582 -0.8589075708049205 0.512130632839211 0.007601015032474899 0.1205160704800776 0.01312596700195261 -0.001022067965649233 0.001880430545984146 -0.0166733122374183
-100.2174682617188 644.4407348632812 0 -0.7920793215501123 0.4667178166648621 -0.1038781054399272 -0.03800631356947171 0.1195878048455281 0.0194382997317781 -0.1276579043681796 -0.02368629976599187
-97.46247863769531 640.6068725585938 9.43817138671875 -0.9439004417481178 0.3302301568850817 -0.03509265443929858 0.07729484096702902 0.05419808423848784 0.005404427289143089 0.01293281338034215 -0.01494488348749422
-94.02099609375 639.4519653320312 5.974302768707275 -0.8120543331409363 0.1186941696267046 0.08785230041250372 -0.02250758108873722 -0.06951808295301695 -0.05135469784464666 0.09418078609085243 -0.09539115206994267
-89.47128295898438 636.0408935546875 3.766648292541504 -0.6509464921222541 -0.2904982650649838 0.03453117251296264 -0.02398227379835116 0.003636182548701036 0.01619631246029377 0.01862920750898526 -0.03094093957237036
-87.80673980712891 639.461181640625 0 -0.484995391107104 -0.1690060163467455 -0.02319194825017981 -0.07578885419719902 0.03225447705990823 -0.02523309527229329 0.009361032613401031 0.003852404610206579
-89.88304901123047 644.1032104492188 0 -0.4997291828556572 0.08783407407598945 0.02395896591561245 -0.0883425736275807 -0.01385490442273172 -0.006433540098961263 -0.002180536796461861 0.002778313250446268
-83.64100646972656 644.1043701171875 0 -0.2689829069833397 -0.1698837632882091 0.06375819243742951 0 0 0 -0.05050945473292101 0
-83.64100646972656 637.7540893554688 0 -0.3565486939066874 -0.3860657934423012 0.06451204891290299 0 0 0 -0.06484047827725485 0.03802998445297807
-83.64100646972656 656.0719604492188 0 -0.1658876796850267 0.1245612085670964 0.1156568197178656 0 0 0 -0.01106850756120014 0
-83.64100646972656 666.0723266601562 0 -0.1328592922993365 0.2152486680599547 0.2887763112347629 -0 0 0 -0.03638181279570946 -0.007480253595960207
-80.586669921875 656.1073608398438 0 -0.08232847585451288 0.06163031067373843 0.240225669117502 0.06276002029768549 0.1219864463970895 -0.002281055744054613 0.009037027841734671 -0.0001573609932507556
-81.66561889648438 663.1581420898438 0 -0.1074615537795451 0.1696734256781474 0.1945583891636265 -0.03060133115320998 0.205369437379043 -0.008481864479742522 0.04458582778359942 0.01467892988120164
-83.64100646972656 673.4967041015625 8.394268989562988 -0.1126711521536138 0.2659223572117153 0.3256170731333961 -0 0 0 -0.06256412290889161 -0.1121429628069723
-82.34293365478516 671.89990234375 8.690279960632324 -0.1072873691075979 0.261060603795148 0.1911421279955743 -0.1540392055989886 0.2215978855937082 0.0272042052953451 -0.0725785150212921 -0.07391679954043702
-83.64100646972656 631.7162475585938 6.804246425628662 -0.5722554179477851 -0.8200754457862465 0.02316998487089394 0 0 0 -0.05097846476238715 0.07690071375955923
-89.33399200439453 634.8504638671875 5.414375305175781 -0.700228575252854 -0.4077715141905586 0.0005894500428708737 -0.0008840500033868266 0.0008054085931481514 -0.1401082072476898 -0.01883944033497284 0.08186128387215441
-89.09272003173828 632.697509765625 7.459105014801025 -0.7820579035751755 -0.6232057732930095 -0.006251173757999197 -0.02820615973964801 0.0347704545008007 -0.03704421664422894 0.01002783631961707 0.001474726713766174
-90.34803771972656 634.4797973632812 6.741481781005859 -0.7632326791382681 -0.5012567064268685 -0.006168876458098699 -0.009820142122864983 0.0194603236091367 -0.03757113571156422 -0.01470051003494657 -0.01932818795676564
-91.48779296875 633.1447143554688 6.934974193572998 -0.8213414729322768 -0.4112428837400669 -0.06404236797657037 -0.1144513845334333 0.151861276502185 -0.08172430079551489 0.02772392712650231 -0.01357012101641618
-90.22791290283203 631.396484375 7.62506103515625 -0.8347856010686189 -0.5505751544769482 -0.01530036972663873 0.01558601825965516 0.06835942534559396 -0.02445160856465904 -0.006337768037707601 -0.004027799849065092
-93.26321411132812 633.2518920898438 9.484465599060059 -0.9304027001779464 -0.3665389694147202 0.08394341733098293 0.02354767111221772 0.1362472319310736 -0.04392293311286354 -0.001771476283393528 0.02736756697915702
-95.66428375244141 635.1088256835938 7.056585311889648 -0.8834067987900329 -0.08802188064093887 0.1103054969378733 -0.1153230183715436 -0.01834839975482614 0.01933159468210451 0.02346924512206085 -0.03129226722976629
-95.53811645507812 632.4786987304688 12.466872215271 -0.9843664746403592 -0.176132462226791 0.1368000393681352 -0.01829342922777016 0.01554941970724155 0.005544517458887779 -0.009432238860819991 -0.05987607372122056
-98.55001831054688 635.8800659179688 10.46288585662842 -0.9968050809830518 0.07987259309461785 -0.04503032638040892 0.1329597674003331 -0.03139943536851448 0.02295542447159898 -0.009458689025544271 -0.07297313859353582
-92.50579071044922 635.0623168945312 5.359330654144287 -0.7756116674803807 -0.2272512980197584 0.1627855357693349 -0.0764813696949002 0.03033003817417568 0.0203843681650129 0.0319282932584827 -0.02889415066341607
-90.46665954589844 633.5032348632812 5.813806056976318 -0.7679468586050628 -0.3401593219080903 0.04643803779978581 -0.02587170190295176 0.05821665913290079 -0.04061789917331715 -0.03856087154855442 0.0152633314341805
-91.17656707763672 636.3662109375 5.79069185256958 -0.7330488274700624 -0.3212801251476836 0.04644989327506934 -0.0522377522489518 0.03575343026228205 -0.1130838521930866 -0.06310532766003324 0.05471509668465546
-77.94802093505859 634.8504638671875 5.414375305175781 -0.1961835725474221 -0.8098044461678821 -0.0005894500428708609 -0.0008840500033868081 0.0008054085931481351 -0.1401082072476898 0.01883944033497281 -0.08186128387215436
-78.18929290771484 632.697509765625 7.459105014801025 -0.3150846326391644 -0.9490635775218111 0.006251173757999203 -0.02820615973964802 0.0347704545008007 -0.03704421664422895 -0.01002783631961708 -0.001474726713766171
-76.93397521972656 634.4797973632812 6.741481781005859 -0.2308413766852672 -0.8986411564992299 0.006168876458098716 -0.009820142122865 0.01946032360913673 -0.0375711357115642 0.01470051003494656 0.01932818795676565
-75.79421997070312 633.1447143554688 6.934974193572998 -0.1243022979777314 -0.9358145631947834 0.06404236797657037 -0.1144513845334333 0.151861276502185 -0.08172430079551489 -0.02772392712650231 0.01357012101641618
-77.05410003662109 631.396484375 7.62506103515625 -0.2287210474546883 -0.9734920042265914 0.01530036972663873 0.01558601825965516 0.06835942534559393 -0.02445160856465904 0.006337768037707604 0.004027799849065096
-74.018798828125 633.2518920898438 9.484465599060059 -0.02299496311322993 -0.9997355807485023 -0.08394341733098291 0.02354767111221772 0.1362472319310737 -0.04392293311286349 0.001771476283393527 -0.02736756697915698
-71.61772918701172 635.1088256835938 7.056585311889648 0.1772443376463431 -0.9841668783752893 0.1103054969378734 0.1153230183715437 0.01834839975482611 -0.01933159468210452 0.02346924512206084 -0.03129226722976628
-74.77622222900391 635.0623168945312 5.359330654144287 -0.006711195149246688 -0.8634567955570833 0.1627855357693349 0.07648136969490024 -0.0303300381741757 -0.02038436816501291 0.0319282932584827 -0.02889415066341606
-76.81535339355469 633.5032348632812 5.813806056976318 -0.1011323760995293 -0.8698829534084185 -0.04643803779978579 -0.02587170190295176 0.05821665913290077 -0.0406178991733171 0.03856087154855437 -0.01526333143418048
-76.10544586181641 636.3662109375 5.79069185256958 -0.108681205772782 -0.8272860137239515 -0.04644989327506933 -0.05223775224895178 0.03575343026228204 -0.1130838521930866 0.06310532766003325 -0.05471509668465546
-84.93907928466797 671.89990234375 8.690279960632324 -0.1168427759498801 0.2739526249736413 0.1911421279955743 0.1540392055989887 -0.2215978855937083 -0.02720420529534509 -0.07257851502129209 -0.07391679954043702
-68.93778228759766 648.9789428710938 18.3425464630127 0.960136024515112 -0.2795332089679466 0.02408602711376848 -0.06008789677737558 0.009388363676073702 -0.0003747843438936502 -0.002468991581422063 -0.01484065277263829
-69.74529266357422 644.0932006835938 7.724125862121582 0.4717398621247824 -0.5798759668356055 0.0076010150324749 -0.1205160704800776 -0.01312596700195261 0.001022067965649234 0.001880430545984147 -0.01667331223741831
-70.34959411621094 649.8392333984375 0 0.3238472736647502 -0.4117731981172693 0.1944932227452169 -0.06046755671241313 0.03666880299037499 -0.001270045808657548 0.03713720390148395 0.06797634725266503
-67.06454467773438 644.4407348632812 0 0.3841308257179825 -0.5458310910411782 0.1038781054399272 -0.03800631356947175 0.1195878048455281 0.01943829973177812 0.1276579043681796 0.0236862997659919
-68.20400238037109 644.7356567382812 19.25749969482422 0.8721715537226717 -0.4892001442959985 0.01204990846001329 -0.07123676173322505 0.005605921882670745 -0.001810920201721492 -0.002221835910177465 -0.02434121907875986
-69.81953430175781 640.6068725585938 9.43817138671875 0.4811595517337904 -0.8766330393084625 -0.03509265443929858 -0.07729484096702902 -0.05419808423848784 -0.005404427289143087 0.01293281338034214 -0.01494488348749421
-73.71415710449219 649.8662109375 0 0.2486272313012172 -0.3588769554735577 0.09616790504423932 0.1334424318496696 0.08855420339147711 0.005773274590785392 0.003637946019512194 -0.01175167351257162
-76.00026702880859 644.4646606445312 0 0.140533091792633 -0.4554708886470457 -0.07036242272409393 0.1582831002395553 0.04954054686603271 0.02375108180731194 0.01884933535881498 -0.02649037329596963
0 1 2
3 0 2
3 2 4
4 5 3
5 6 3
3 6 7
8 3 7
8 7 9
10 8 9
10 9 11
12 10 11
13 12 11
11 14 13
15 13 14
16 15 14
16 14 17
14 18 17
18 19 17
19 18 20
18 21 20
22 20 21
23 22 21
24 23 21
11 24 21
25 24 11
24 25 26
27 24 26
26 28 27
27 28 29
27 29 23
29 30 23
31 30 29
32 31 29
31 33 30
22 30 33
34 22 33
33 35 34
35 36 34
34 36 37
34 37 20
37 38 20
38 39 20
40 39 38
41 40 38
41 38 42
43 41 42
43 42 44
45 43 44
45 44 46
47 45 46
47 46 48
49 47 48
40 49 48
50 48 46
46 51 50
46 44 51
52 51 44
53 52 44
53 44 54
53 54 55
56 53 55
6 56 55
57 55 54
36 57 54
58 57 36
57 58 59
57 59 7
58 60 59
59 60 25
59 25 9
58 61 60
61 62 60
60 62 26
61 32 62
32 28 62
55 57 7
44 42 54
54 42 37
53 56 52
56 63 52
64 52 63
65 64 63
65 66 64
67 66 65
68 67 65
69 67 68
70 67 69
69 71 70
71 72 70
72 50 70
70 50 51
73 67 70
73 70 52
74 67 73
74 73 75
64 74 75
75 52 64
63 56 5
5 76 63
76 77 63
78 77 76
78 79 77
79 80 77
79 81 80
79 82 81
83 82 79
79 84 83
83 84 85
84 76 85
82 83 5
5 85 76
70 51 52
39 40 48
42 38 37
36 54 37
35 58 36
61 58 35
86 61 35
32 61 86
31 32 86
86 35 33
31 86 33
28 32 29
62 28 26
60 26 25
24 27 23
30 22 23
22 34 20
21 18 11
13 15 87
18 14 11
13 87 12
12 87 88
12 88 89
88 90 89
1 90 88
87 91 88
91 92 88
88 92 2
12 89 10
89 93 10
10 93 8
93 94 8
8 94 3
9 25 11
7 59 9
7 6 55
56 6 5
4 82 5
92 82 4
4 2 92
94 0 3
2 1 88
3
95 154
-83.64100646972656 657.3201293945312 26.6871395111084 0.7905706579992451 0.6123708310423874 0.01120355710797964 0.01561933541901946 -0.04043943053127871 -0.04078754980475704 0.00426485569524949 -0.009652743047714697
-76.18923187255859 648.48095703125 34.65998077392578 0.5168640233209879 0.1051588921248169 0.0357253780432082 0.05964620728094638 -0.06319330793559012 -0.03500275289943749 0.0132147756539459 -0.007315257693585533
-74.29941558837891 654.884033203125 24.67804336547852 0.9747535456022516 0.2232835088754392 0.07154992816361394 -0.01947724816115226 -0.04099066550093779 0.007364461328089488 -0.01103854262504787 0.01809990406272024
-72.77208709716797 649.794189453125 30.91604042053223 0.6916025847416591 0.05319112323503667 0.08553533228377179 -0.03775222657563773 -0.05228304307935564 0.005460256694917576 -0.01030642067730195 0.01637500705627169
-63.3259162902832 645.6978759765625 42.26932144165039 0.5045735603765185 -0.08022706180536834 -0.04612371340588416 0.09464725343523148 -0.005925798649818416 -0.04326611351944019 -0.01800706169204478 0.04915369316087464
-75.9617919921875 644.0555419921875 35.88734436035156 0.3827384528066805 0.009848705568709915 -3440.120676408054 4364.953576546126 779.3722025765985 -13365.67476074795 -10742.49448770295 1168.832598237573
-74.24689483642578 636.2859497070312 32.3555908203125 0.3042430270601791 -0.2008483439146873 -0.01077665048072103 0.03913575870998614 0.0478027534865898 -0.04530258251503207 -0.01660784391816537 0.003383706226907672
-82.86510467529297 638.5670166015625 35.39907455444336 0.1402202444543142 -0.07690369463010134 116.5816055929808 99.78230448596125 75.88616118120042 -4822.928856330548 3428.530496708712 2901.162904314652
-79.14485168457031 641.5248413085938 35.66220855712891 0.2709155545465128 -0.03015185315833699 210.1236309585855 213.7858363283097 28.68650060302728 3651.548133228303 -2927.63952265631 -4928.753440918566
-81.59619140625 641.6053466796875 45.09887313842773 0.1645661128159505 -0.04503578308565929 0.1045531133694539 -0.05299257704187835 -0.02112048627463791 -0.0423343553307711 -0.08599030643708394 0.006186376805061668
-87.09265899658203 641.311279296875 35.64320755004883 0.09688606574475939 0.006403923575648869 0.04053326357626181 0.05092839030080103 0.05443076701357417 -0.03118322927018841 0.02236933626197973 0.002291420277367752
-93.03511810302734 636.2859497070312 32.3555908203125 -0.1527296382199986 -0.08390041479258775 -0.01546871146489556 0.04368912087925204 0.03477999813627037 -0.03682540622079048 -0.000657265292710663 -0.01555279670989687
-91.32022094726562 644.0555419921875 35.88734436035156 0.0929390382894998 0.09577465885365494 0.00264914510985727 0.1156130193894392 0.01060514100214026 -0.005353146726141907 0.0001722451377472994 -0.0005405414201518833
-103.9561004638672 645.6978759765625 42.26932144165039 -0.06635637538390463 0.1100817340871696 0.04300113307062016 0.09110387612616019 -0.006992079149735936 -0.04683080878703089 0.01807651742354452 -0.05247895918380205
-91.09278106689453 648.48095703125 34.65998077392578 0.1834979393075374 0.2229996172434735 -0.01144245009596039 0.05971622083107351 -0.05108499748362788 -0.03532306089437901 -0.006207340080234506 0.0006558377638441129
-87.89307403564453 646.8197631835938 35.66963958740234 0.2282250857705044 0.1653321674113493 -0.006497573483244426 0.07518853225026377 -0.0451401212877876 -0.02621112478403659 -0.005056406562595145 -0.004649413261460245
-82.06011199951172 649.8076171875 35.3995361328125 0.4300188313399342 0.2112754539742055 -84.16224591045031 78.17241031556011 -47.27200523934972 -13774.25625259658 -10153.36737818727 7733.099946604718
-82.315673828125 646.9030151367188 39.02509689331055 0.3374426137387824 0.1403455616917101 0.06528825380436251 0.02615582550636121 -0.01325946492404518 0.0195875505977708 -0.04771104977482962 0.002331548246809885
-79.01095581054688 646.9315795898438 35.64344024658203 0.4063785798982419 0.1105621342968099 134.3894608963326 -144.0869359680167 18.1268232567251 -14118.55407243626 -11515.14968693916 13140.87038046931
-82.56629943847656 644.0545043945312 36.65193176269531 0.2866219723393822 0.09433954277632056 0.08641286932849659 -0.0565079662192108 0.002510190428552697 -0.05260865023476249 -0.07981724255655591 0.01424368915680721
-77.89643096923828 644.0550537109375 40.88937759399414 0.338634237832923 0.04507823809738686 -0.03401582924048757 0.1044638691994419 0.01470047539126408 -0.03338545367625443 -0.01194379113730986 0.007622933324476349
-92.98259735107422 654.884033203125 24.67804336547852 0.2108722064751715 0.5443889928484609 0.07269043733512949 0.01890808410059718 0.04381728562907155 -0.008140140778087036 -0.01159446028898265 0.01850729482055708
-94.50992584228516 649.794189453125 30.91604042053223 0.07240736861627536 0.3072782455684 0.08648936580215177 0.03677894925478867 0.05634702376501935 -0.006118928483536933 -0.01077980446977091 0.01642841207302162
-96.68431091308594 652.95751953125 21.71531295776367 -0.0184527694489401 0.5337722006622052 0.04773247600208104 0.05909130608691646 0.03356273105879024 0.005031677472942875 0.01020151318756741 -0.02511700138665961
-96.91699981689453 647.199951171875 27.16684341430664 -0.1551975071804383 0.2691043814858779 0.03385474284208979 0.07506402465132031 0.01619364106878973 -0.003065353257902035 0.007396229581830565 -0.02787600462881298
-96.53534698486328 639.130859375 26.62888145446777 -0.4372529385280094 -0.09229597684082348 -0.03507386541018469 0.05847740819476224 0.01377216464591175 -0.01183319089713829 0.001598180609509825 -0.03692180698126175
-92.11042785644531 631.6817626953125 26.09899711608887 -0.2557606695747153 -0.2386797132099816 0.03714754574121127 -0.01600799863863428 0.04483984124064547 -0.01065403072105253 0.006975069009416819 0.01131645373190419
-83.64100646972656 632.98779296875 30.13530158996582 0.02966016521109604 -0.2032550556947516 -0.004027336400478569 0.03175983166244459 0.04360589526830231 -0.0443340203011558 -0.001983962112610506 -0.002649589242608874
-83.64100646972656 630.0997924804688 24.27661514282227 -0.03451965162713165 -0.2929557395549786 0.1136363715844526 9.485874696629385e-06 3.041061464690828e-05 6.707582999880171e-06 -0.007125014834202124 -0.02284197160578254
-75.17158508300781 631.6817626953125 26.09899711608887 0.1920425458901693 -0.3374152651044149 -0.03600891642882093 -0.01536775409539125 0.04498234898863655 -0.01406663298237731 -0.009154720475964141 -0.01438812599020739
-80.99559020996094 629.6868896484375 21.30025482177734 0.02808991684330146 -0.3434844992711564 0.04858633131538215 0.03944892146386056 0.01865700532145624 0.07657490807922784 -0.01643329632818878 -0.1646683369171828
-83.64100646972656 628.53857421875 16.527587890625 -0.08454122883955797 -0.362834692010654 0.06031699083009764 3.49213803746743e-19 4.7654026923967e-20 0 -0.01940076951179491 0.1421709130193221
-79.26145172119141 629.4371948242188 19.7851390838623 0.05736129295978502 -0.3715390007915942 -0.0126815813122629 0.04300979050079964 0.06042827218272177 -0.07869443530758871 -0.01880375761499887 -0.003131385321670442
-76.30229949951172 630.9962768554688 17.3091983795166 0.1310832289444176 -0.4249738011577203 -0.01917479340784095 -0.09624571893595231 0.147423259396732 -0.03265019716632558 -0.01188475948850103 -0.01200569037737924
-75.6021728515625 631.3413696289062 21.37071990966797 0.1699519781659914 -0.3971686371347605 0.09424045584939524 -0.02063238066631634 -0.05602256465144075 -0.007173296073952426 -0.003390664767756324 -0.01081809105888822
-77.1800537109375 632.34375 21.45963859558105 0.1282944777670777 -0.3716658125570212 0.05239123520178314 -0.03500156437189542 -0.03017532481808071 -0.132187447619651 -0.07247196798352704 -0.1454443798994807
-79.15152740478516 631.6439208984375 19.92104911804199 0.08202896179176439 -0.3638226569536895 0.0110654338709125 0.02013066758370881 0.005959321203665959 -0.3056756677971929 0.111769556773568 0.1900280343796625
-75.82913208007812 633.1201171875 25.1102409362793 0.1688558564659902 -0.3505756745276435 0.02932530741242863 -0.007336185268096411 0.01778517970337846 0.06421593764136305 -0.006837393902516869 -0.1087035685201923
-80.41799926757812 631.4513549804688 21.18008995056152 0.06839028872645581 -0.3526456177056602 -0.09457529479132012 -0.09191134699616212 -0.01474414071724149 -0.004512522254040876 0.04253495256964991 -0.2362071638799214
-71.14508056640625 634.1008911132812 19.33215713500977 0.3440503217296091 -0.5155384037788868 0.02545709726211522 0.01969788324280966 0.0476570973395261 -0.001047010708389672 -0.001085212826450712 0.001007829928138365
-76.91860961914062 632.2032470703125 16.24777603149414 0.1170258443787662 -0.430587880897058 0.03065450039119401 0.007248998073485508 0.01683253308394672 0.06581915143266479 0.1617282281240213 -0.1895151966451369
-72.99285125732422 634.5770874023438 17.77396583557129 0.258781623465196 -0.4838004693965055 0.04321118803127209 0.001577944233921844 0.02469233616699949 0.03351376008052172 -0.02758121127217107 -0.05688598137020864
-77.32585906982422 632.251708984375 13.04769229888916 0.06967448000912228 -0.420881851986911 0.04036883404419501 0.005949438373535246 0.01316668500386839 0.0242560705066963 -0.06188543403754509 -0.04640543224385992
-83.64100646972656 631.1179809570312 11.34194183349609 -0.09766837752602651 -0.3807416066242397 0.002226615533073422 0 0 0 0.09205238995233908 0.2700722859758654
-83.64100646972656 630.245849609375 14.94460391998291 -0.0935402011575443 -0.3751178148557679 0.0609917788804226 4.839681957325048e-19 3.929428555073913e-19 0 -0.005646234091728114 0.006954186054683499
-90.3634033203125 632.2032470703125 16.24777603149414 -0.3231251272892595 -0.3455613401924328 0.03065450039119402 -0.007248998073485512 -0.01683253308394673 -0.06581915143266476 0.1617282281240213 -0.1895151966451369
-89.95615386962891 632.251708984375 13.04769229888916 -0.2751469961726431 -0.3543959343211608 0.04036883404419502 -0.005949438373535243 -0.01316668500386839 -0.02425607050669632 -0.06188543403754517 -0.04640543224385998
-94.28916168212891 634.5770874023438 17.77396583557129 -0.4995276950163874 -0.3392881963987775 0.0432111880312721 -0.001577944233921847 -0.02469233616699951 -0.03351376008052177 -0.02758121127217109 -0.05688598137020868
-96.13693237304688 634.1008911132812 19.33215713500977 -0.6052702064235426 -0.3352889343986942 -0.02545709689597725 0.0196978829878418 0.0476570963483406 -0.001047010716450416 0.001085212835490905 -0.001007829943291983
-90.97971343994141 630.9962768554688 17.3091983795166 -0.325755335334826 -0.3357393663884496 0.01917479340784098 -0.09624571893595234 0.147423259396732 -0.03265019716632558 0.01188475948850103 0.01200569037737925
-91.67984008789062 631.3413696289062 21.37071990966797 -0.3157389050630854 -0.2972281148390959 0.1111126920473551 0.02541377076284353 0.06935859502907987 0.006612383946507956 -0.002971608742365413 -0.009504229396450363
-88.02056121826172 629.4371948242188 19.7851390838623 -0.1989600750054719 -0.3177967130534492 0.01350529806557595 0.04326822695770429 0.0609980221173826 -0.06659758594102329 0.01631032296049614 0.003175537275624686
-90.10195922851562 632.34375 21.45963859558105 -0.2463192255420463 -0.2892478762086088 0.02469814143072415 0.03374234987673631 0.02195929288353234 -0.1383262580787331 0.03508165827395853 0.1016728502924475
-88.13048553466797 631.6439208984375 19.92104911804199 -0.203509511825996 -0.3008249442064703 -0.01446470261601182 0.02308811601311551 0.01334936433751063 -0.3546701723447913 -0.07703956508115083 -0.2510606549351604
-86.28642272949219 629.6868896484375 21.30025482177734 -0.14191547405619 -0.3065384858575976 0.05644877959759322 -0.04670938120662205 -0.02384056070867423 -0.07998457495068119 -0.01349609954219499 -0.1629423582670133
-86.864013671875 631.4513549804688 21.18008995056152 -0.1806456161085613 -0.2975005020594348 -0.02773201392935266 0.04137819463178062 -0.003167065843167905 0.04114487749388444 0.0132318855194752 -0.1874033603349249
-91.452880859375 633.1201171875 25.1102409362793 -0.2544775330081386 -0.2581983519530517 0.02971573451974996 0.002366036303199921 -0.02489478046278588 -0.1461550342000043 -0.008585809578586706 -0.1752744330760532
-70.74666595458984 639.130859375 26.62888145446777 0.4691833535203422 -0.3156575493014053 -0.03540804952210719 -0.05869722188273676 -0.01312991989821995 0.01099204331286845 0.001191478625296236 -0.03496923840875765
-70.36501312255859 647.199951171875 27.16684341430664 0.7416754032447476 -0.1136458843839664 0.03385474117116085 -0.07506402580130378 -0.01619363693194072 0.003065355486673354 0.007396229617904211 -0.02787600809929391
-68.54678344726562 640.3289794921875 20.30267524719238 0.6455849726312481 -0.4657388338562349 -0.05575769040151705 -0.08735617799746888 0.0110864539801472 0.002054277887757398 -0.005034448690126076 -0.02933746047310971
-72.76634216308594 633.339111328125 12.35411548614502 0.28819212512583 -0.8322357804357161 0.04953042184374966 0.008205926218641616 0.03333440188371652 0.01288669909671214 0.001289336529756266 -0.01946529129669976
-76.83826446533203 630.9696044921875 13.25994777679443 0.107945447640249 -0.8702626871898614 -0.02236609146632602 0.02533258518298978 0.07177141258357106 -0.005393954260710411 -0.0002012377216122667 -0.0016098861437472
-78.18929290771484 632.697509765625 7.459105014801025 -0.03699364441230286 -0.9993155012436259 0.006251173757999203 -0.02820615973964802 0.0347704545008007 -0.03704421664422895 -0.01002783631961708 -0.001474726713766171
-75.13180541992188 634.5613403320312 9.404991149902344 0.1502817465310731 -0.941438281306036 -0.05932419918973619 0.1127313419885401 0.0802068178436163 -0.01565037295003089 -0.0008511255340367779 -0.01037938346153789
-83.64100646972656 631.7162475585938 6.804246425628662 -0.278687935801301 -0.9603817131546364 0.02316998487089394 0 0 0 -0.05097846476238715 0.07690071375955923
-83.64100646972656 629.5701904296875 11.10642051696777 -0.2654470350071712 -0.8954234680735029 0.0249424465403999 0 0 0 0.04112604084183239 0.02647787339509163
-90.44374847412109 630.9696044921875 13.25994777679443 -0.5987873632912647 -0.7240932324213083 0.02236609146632601 0.02533258518298978 0.07177141258357105 -0.005393954260710425 0.0002012377216122673 0.001609886143747204
-89.09272003173828 632.697509765625 7.459105014801025 -0.50367991009098 -0.8638903567289511 -0.006251173757999197 -0.02820615973964801 0.0347704545008007 -0.03704421664422894 0.01002783631961707 0.001474726713766174
-94.51567077636719 633.339111328125 12.35411548614502 -0.7720045759786984 -0.6356169716758697 0.04953042184374964 -0.008205926218641614 -0.0333344018837165 -0.01288669909671215 0.001289336529756267 -0.01946529129669978
-92.15020751953125 634.5613403320312 9.404991149902344 -0.6496833332551357 -0.7602049504012198 0.05932419918973618 0.1127313419885401 0.08020681784361629 -0.0156503729500309 0.0008511255340367786 0.0103793834615379
-98.7352294921875 640.3289794921875 20.30267524719238 -0.9824849127918108 -0.1863421480869411 -0.05575769059007649 0.0873561784301335 -0.01108645353654744 -0.002054277883043553 -0.005034448373283555 -0.02933745933565361
-101.1480712890625 641.7146606445312 26.1817455291748 -0.5694157111506033 0.0450513986598436 -0.01950927066928134 0.09679821758498268 0.002581481587731673 -0.007305327863457512 -0.000781835175257977 -0.02589263759365164
-99.07801055908203 644.7356567382812 19.25749969482422 -0.5279926373032251 0.286048265354506 0.0120499085480804 0.07123676219560461 -0.005605922029535219 0.001810920112520766 -0.002221835845079413 -0.02434121796038447
-99.48170471191406 638.8856201171875 12.98683071136475 -0.8158647437375273 0.390984312936814 0.005355742853515514 0.09831467299946149 -0.03675599007100031 0.004964606778920769 -0.01477169512561034 -0.03878783338148293
-98.55001831054688 635.8800659179688 10.46288585662842 -0.858249124981704 0.5132333193788616 -0.04503032638040892 0.1329597674003331 -0.03139943536851448 0.02295542447159898 -0.009458689025544271 -0.07297313859353582
-95.53811645507812 632.4786987304688 12.466872215271 -0.9490891329779552 0.3150076476835455 0.1368000393681352 -0.01829342922777016 0.01554941970724155 0.005544517458887779 -0.009432238860819991 -0.05987607372122056
-97.46247863769531 640.6068725585938 9.43817138671875 -0.7268511083111179 0.686795069274361 -0.03509265443929858 0.07729484096702902 0.05419808423848784 0.005404427289143089 0.01293281338034215 -0.01494488348749422
-97.53672027587891 644.0932006835938 7.724125862121582 -0.5994072122458587 0.8004442484233764 0.007601015032474899 0.1205160704800776 0.01312596700195261 -0.001022067965649233 0.001880430545984146 -0.0166733122374183
-98.34423065185547 648.9789428710938 18.3425464630127 -0.2766690222945375 0.4952146120082221 0.02408602695460792 0.06008789659438071 -0.009388362689935939 0.0003747843915120566 -0.002468991166940814 -0.01484065151475352
-94.73297119140625 648.3987426757812 4.958863258361816 -0.3765127327538539 0.9264114437107984 0.09833031665032622 0.06302637934251185 -0.07707434667150373 0.001107654223335512 0.001355851144979096 0.002521855682325843
-94.30479431152344 652.0643310546875 11.96033096313477 -0.1315793986607726 0.796794825249573 0.02963770830967671 0.02969458293616778 -0.007563292007624078 0.001196947845961739 -0.004315166267318847 -0.01225157925865301
-89.08889007568359 654.6185302734375 7.965133666992188 0.006479270320799911 0.9999790096964664 -0.01664942611535087 -0.02367491045464135 -0.026777644079057 -0.02024520713566781 -0.009019147504397484 0.0205618757316188
-89.44397735595703 657.2725830078125 12.87572288513184 0.2499016521885819 0.9682712248054969 0.05538337247428479 0.02934971389192091 0.02002606214091375 -0.01168633601146215 0.0003800984214155213 0.03176225639306426
-66.13394165039062 641.7146606445312 26.1817455291748 0.6856574355157817 -0.3481503337724252 -0.01950927009739512 -0.09679821455729824 -0.002581481374105361 0.007305328458574214 -0.0007818352766569775 -0.02589263973030576
-68.20400238037109 644.7356567382812 19.25749969482422 0.9070641501361121 -0.4209924323416719 0.01204990846001329 -0.07123676173322505 0.005605921882670745 -0.001810920201721492 -0.002221835910177465 -0.02434121907875986
-68.93778228759766 648.9789428710938 18.3425464630127 0.971139077736725 -0.2385139242238271 0.02408602711376848 -0.06008789677737558 0.009388363676073702 -0.0003747843438936502 -0.002468991581422063 -0.01484065277263829
-70.59770202636719 652.95751953125 21.71531295776367 1.000000000069035 -3.912566374412922e-10 0.04773247606083674 -0.0590913063733176 -0.03356272955885964 -0.005031677577170611 0.01020151362232031 -0.02511700351867598
-67.80030822753906 638.8856201171875 12.98683071136475 0.5894931438115462 -0.6872569292998116 0.005355742853515514 -0.09831467299946149 0.03675599007100031 -0.004964606778920769 -0.01477169512561034 -0.03878783338148293
-69.81953430175781 640.6068725585938 9.43817138671875 0.6148618814394883 -0.7886348126167223 -0.03509265443929858 -0.07729484096702902 -0.05419808423848784 -0.005404427289143087 0.01293281338034214 -0.01494488348749421
-68.73199462890625 635.8800659179688 10.46288585662842 0.4731647796321251 -0.7948787029011249 -0.04503032638040892 -0.1329597674003331 0.03139943536851447 -0.02295542447159898 -0.009458689025544267 -0.07297313859353582
-71.61772918701172 635.1088256835938 7.056585311889648 0.3773761463669087 -0.9260600656099283 0.1103054969378734 0.1153230183715437 0.01834839975482611 -0.01933159468210452 0.02346924512206084 -0.03129226722976628
-71.743896484375 632.4786987304688 12.466872215271 0.3390240003805537 -0.8240186780199771 0.1368000393681352 0.01829342922777016 -0.01554941970724149 -0.00554451745888775 -0.009432238860819989 -0.05987607372122056
-74.018798828125 633.2518920898438 9.484465599060059 0.2142649255428405 -0.9767755845632196 -0.08394341733098291 0.02354767111221772 0.1362472319310737 -0.04392293311286349 0.001771476283393527 -0.02736756697915698
-77.05410003662109 631.396484375 7.62506103515625 0.03931006900415454 -0.9992270609261654 0.01530036972663873 0.01558601825965516 0.06835942534559393 -0.02445160856465904 0.006337768037707604 0.004027799849065096
-85.70745086669922 644.0550537109375 40.88937759399414 0.1956230876194644 0.09006551290602807 0.02987735556088309 0.1048683828434891 0.004850733419141324 -0.03403520581554026 0.009791667328727943 -0.002052137585444837
0 1 2
3 2 1
4 3 1
4 1 5
4 5 6
7 6 5
7 5 8
9 7 8
9 10 7
11 7 10
11 10 12
12 13 11
14 13 12
14 12 15
16 14 15
17 16 15
18 16 17
17 19 18
17 15 19
5 16 18
18 20 5
18 19 20
16 0 14
14 0 21
21 22 14
21 23 22
23 24 22
13 22 24
25 13 24
25 11 13
11 25 26
11 26 27
27 26 28
29 27 28
30 29 28
30 28 31
32 30 31
31 33 32
33 34 32
34 35 32
35 36 32
37 35 34
29 37 34
35 37 38
35 38 36
36 38 30
38 37 29
30 38 29
39 34 33
33 40 39
40 41 39
41 40 42
42 40 43
40 44 43
44 45 43
45 46 43
45 47 46
47 45 48
45 49 48
50 48 49
50 49 51
52 50 51
53 52 51
53 51 54
55 53 54
53 55 56
53 56 52
56 55 26
55 54 26
54 51 31
52 56 50
56 26 50
49 31 51
44 31 49
48 50 26
45 44 49
44 40 33
34 39 29
39 57 29
57 6 29
6 57 4
4 57 58
59 57 39
59 39 60
60 39 61
60 61 62
63 60 62
62 61 64
61 65 64
65 66 64
66 67 64
66 68 67
68 69 67
48 68 66
48 70 68
25 70 48
25 71 70
70 71 72
70 72 73
70 73 74
75 70 74
76 74 73
73 72 76
76 72 77
72 78 77
78 79 77
78 80 79
79 80 81
82 81 80
80 23 82
23 80 78
78 72 24
72 71 24
83 57 59
83 59 84
83 84 58
84 85 58
86 58 85
58 86 3
84 59 87
84 87 88
89 88 87
88 89 90
89 91 90
91 92 90
92 91 60
63 92 60
93 92 63
62 93 63
60 91 59
59 91 89
87 59 89
31 44 33
32 36 30
28 54 31
29 6 27
26 54 28
25 48 26
24 23 78
23 21 82
82 21 0
94 15 12
19 15 94
22 13 14
12 10 94
19 94 10
7 11 27
8 5 20
20 19 8
6 7 27
5 1 16
3 4 58
86 2 3
16 1 0
4
3 1
-66.13394165039062 641.7146606445312 26.1817455291748 -0.06345921937580601 0.9979844324818968 -0.01950927009739512 -0.09679821455729824 -0.002581481374105361 0.007305328458574214 -0.0007818352766569775 -0.02589263973030576
-70.36501312255859 647.199951171875 27.16684341430664 -0.7973370125850032 -0.6035343307236316 0.03385474117116085 -0.07506402580130378 -0.01619363693194072 0.003065355486673354 0.007396229617904211 -0.02787600809929391
-70.74666595458984 639.130859375 26.62888145446777 0.9999999999999999 -1.110223024625157e-16 -0.03540804952210719 -0.05869722188273676 -0.01312991989821995 0.01099204331286845 0.001191478625296236 -0.03496923840875765
0 1 2
5
7 6
-70.34959411621094 644.4671630859375 0 -0.08748238112213275 -0.258760970692215 0.2099420572263927 -0.003394831751652107 0 0.00219672148545985 0.1358489202259939 0
-70.34959411621094 649.8392333984375 0 -0.9995725298075852 -0.02923623871267067 0.1944932227452169 -0.06046755671241313 0.03666880299037499 -0.001270045808657548 0.03713720390148395 0.06797634725266503
-67.06454467773438 644.4407348632812 0 -0.2664672382589631 -0.9638439764477658 0.1038781054399272 -0.03800631356947175 0.1195878048455281 0.01943829973177812 0.1276579043681796 0.0236862997659919
-70.34959411621094 638.7438354492188 0 0.8692956903560012 -0.4942924263312998 0.185020627837277 0.135819718844775 0.01550373643570527 -0.0242151475415129 0.04485201968222825 -0.1039418406163222
-72.91837310791016 638.7132568359375 0 0.9999999999999999 -1.110223024625157e-16 0.1585588895767247 -0.1210383966585805 0.07274896733910505 0.04000891732741774 0.02194947967916253 -0.05068167716470806
-76.00026702880859 644.4646606445312 0 0.2547405161488314 0.9670094464027883 -0.07036242272409393 0.1582831002395553 0.04954054686603271 0.02375108180731194 0.01884933535881498 -0.02649037329596963
-73.71415710449219 649.8662109375 0 -0.7973394769333992 0.6035310750272709 0.09616790504423932 0.1334424318496696 0.08855420339147711 0.005773274590785392 0.003637946019512194 -0.01175167351257162
0 1 2
3 0 2
0 3 4
5 0 4
1 0 5
6 1 5
6
4 2
-77.94802093505859 634.8504638671875 5.414375305175781 -0.9986362903895947 -0.05220689146951007 -0.0005894500428708609 -0.0008840500033868081 0.0008054085931481351 -0.1401082072476898 0.01883944033497281 -0.08186128387215436
-76.81535339355469 633.5032348632812 5.813806056976318 0.1389115988680632 -0.9903047852554876 -0.04643803779978579 -0.02587170190295176 0.05821665913290077 -0.0406178991733171 0.03856087154855437 -0.01526333143418048
-76.93397521972656 634.4797973632812 6.741481781005859 -0.05146040561475895 0.9986750355616003 0.006168876458098716 -0.009820142122865 0.01946032360913673 -0.0375711357115642 0.01470051003494656 0.01932818795676565
-75.79421997070312 633.1447143554688 6.934974193572998 1 4.440892098500626e-16 0.06404236797657037 -0.1144513845334333 0.151861276502185 -0.08172430079551489 -0.02772392712650231 0.01357012101641618
0 1 2
1 3 2
7
3 1
-76.10544586181641 636.3662109375 5.79069185256958 -0.4679905707890215 -0.8837334584887944 -0.04644989327506933 -0.05223775224895178 0.03575343026228204 -0.1130838521930866 0.06310532766003325 -0.05471509668465546
-77.81072998046875 636.0408935546875 3.766648292541504 1 3.33066907387547e-16 0.03453117251296265 0.02398227379835117 -0.003636182548701037 -0.01619631246029377 0.01862920750898527 -0.03094093957237035
-74.77622222900391 635.0623168945312 5.359330654144287 -0.9244592065351818 0.3812809665487409 0.1627855357693349 0.07648136969490024 -0.0303300381741757 -0.02038436816501291 0.0319282932584827 -0.02889415066341606
0 1 2
8
4 2
-79.14485168457031 641.5248413085938 35.66220855712891 0.6204293743636187 -0.7842623230952563 210.1236309585855 213.7858363283097 28.68650060302728 3651.548133228303 -2927.63952265631 -4928.753440918566
-82.56629943847656 644.0545043945312 36.65193176269531 1 1.110223024625157e-16 0.08641286932849659 -0.0565079662192108 0.002510190428552697 -0.05260865023476249 -0.07981724255655591 0.01424368915680721
-81.59619140625 641.6053466796875 45.09887313842773 -0.9741083361989713 -0.2260817315655372 0.1045531133694539 -0.05299257704187835 -0.02112048627463791 -0.0423343553307711 -0.08599030643708394 0.006186376805061668
-87.09265899658203 641.311279296875 35.64320755004883 0.4429924291945833 0.8965253525005759 0.04053326357626181 0.05092839030080103 0.05443076701357417 -0.03118322927018841 0.02236933626197973 0.002291420277367752
0 1 2
2 1 3
9
10 8
-71.14508056640625 634.1008911132812 19.33215713500977 1 3.33066907387547e-16 0.02545709726211522 0.01969788324280966 0.0476570973395261 -0.001047010708389672 -0.001085212826450712 0.001007829928138365
-72.99285125732422 634.5770874023438 17.77396583557129 0.9710530648594446 0.2388638633763585 0.04321118803127209 0.001577944233921844 0.02469233616699949 0.03351376008052172 -0.02758121127217107 -0.05688598137020864
-76.83826446533203 630.9696044921875 13.25994777679443 0.6442894413864221 -0.7647817438445897 -0.02236609146632602 0.02533258518298978 0.07177141258357106 -0.005393954260710411 -0.0002012377216122667 -0.0016098861437472
-77.32585906982422 632.251708984375 13.04769229888916 0.6145563863121986 0.7888728972672923 0.04036883404419501 0.005949438373535246 0.01316668500386839 0.0242560705066963 -0.06188543403754509 -0.04640543224385992
-83.64100646972656 629.5701904296875 11.10642051696777 -0.01182402811440148 -0.9999300937361318 0.0249424465403999 0 0 0 0.04112604084183239 0.02647787339509163
-83.64100646972656 631.1179809570312 11.34194183349609 0.01182402811440113 0.9999300937361318 0.002226615533073422 0 0 0 0.09205238995233908 0.2700722859758654
-89.95615386962891 632.251708984375 13.04769229888916 -0.5957305404462315 0.8031843643769722 0.04036883404419502 -0.005949438373535243 -0.01316668500386839 -0.02425607050669632 -0.06188543403754517 -0.04640543224385998
-90.44374847412109 630.9696044921875 13.25994777679443 -0.6621936255971268 -0.7493327713496405 0.02236609146632601 0.02533258518298978 0.07177141258357105 -0.005393954260710425 0.0002012377216122673 0.001609886143747204
-94.28916168212891 634.5770874023438 17.77396583557129 -0.965133272388156 0.2617589855751468 0.0432111880312721 -0.001577944233921847 -0.02469233616699951 -0.03351376008052177 -0.02758121127217109 -0.05688598137020868
-96.13693237304688 634.1008911132812 19.33215713500977 -0.9997203847183 0.02364640308154331 -0.02545709689597725 0.0196978829878418 0.0476570963483406 -0.001047010716450416 0.001085212835490905 -0.001007829943291983
0 1 2
1 3 2
2 3 4
3 5 4
5 6 4
6 7 4
6 8 7
8 9 7
10
4 2
-90.46665954589844 633.5032348632812 5.813806056976318 -0.08702142934012098 -0.9962064398685657 0.04643803779978581 -0.02587170190295176 0.05821665913290079 -0.04061789917331715 -0.03856087154855442 0.0152633314341805
-89.33399200439453 634.8504638671875 5.414375305175781 1 0 0.0005894500428708737 -0.0008840500033868266 0.0008054085931481514 -0.1401082072476898 -0.01883944033497284 0.08186128387215441
-90.34803771972656 634.4797973632812 6.741481781005859 -0.0007474906298061993 0.9999997206288402 -0.006168876458098699 -0.009820142122864983 0.0194603236091367 -0.03757113571156422 -0.01470051003494657 -0.01932818795676564
-91.48779296875 633.1447143554688 6.934974193572998 -0.9986362903895948 -0.05220689146950963 -0.06404236797657037 -0.1144513845334333 0.151861276502185 -0.08172430079551489 0.02772392712650231 -0.01357012101641618
0 1 2
3 0 2
11
3 1
-89.47128295898438 636.0408935546875 3.766648292541504 1 0 0.03453117251296264 -0.02398227379835116 0.003636182548701036 0.01619631246029377 0.01862920750898526 -0.03094093957237036
-91.17656707763672 636.3662109375 5.79069185256958 -0.4679905707890208 0.883733458488795 0.04644989327506934 -0.0522377522489518 0.03575343026228205 -0.1130838521930866 -0.06310532766003324 0.05471509668465546
-92.50579071044922 635.0623168945312 5.359330654144287 -0.9244592065351817 -0.3812809665487411 0.1627855357693349 -0.0764813696949002 0.03033003817417568 0.0203843681650129 0.0319282932584827 -0.02889415066341607
0 1 2
12
3 1
-96.91699981689453 647.199951171875 27.16684341430664 1 0 0.03385474284208979 0.07506402465132031 0.01619364106878973 -0.003065353257902035 0.007396229581830565 -0.02787600462881298
-101.1480712890625 641.7146606445312 26.1817455291748 -0.5517194821324831 0.8340297434956769 -0.01950927066928134 0.09679821758498268 0.002581481587731673 -0.007305327863457512 -0.000781835175257977 -0.02589263759365164
-96.53534698486328 639.130859375 26.62888145446777 -0.7973370125850034 -0.6035343307236317 -0.03507386541018469 0.05847740819476224 0.01377216464591175 -0.01183319089713829 0.001598180609509825 -0.03692180698126175
0 1 2
13
7 5
-95.53811645507812 632.4786987304688 12.466872215271 0.08705777150864757 -0.996203264610164 0.1368000393681352 -0.01829342922777016 0.01554941970724155 0.005544517458887779 -0.009432238860819991 -0.05987607372122056
-94.51567077636719 633.339111328125 12.35411548614502 0.3184982628599953 0.9479234444590795 0.04953042184374964 -0.008205926218641614 -0.0333344018837165 -0.01288669909671215 0.001289336529756267 -0.01946529129669978
-98.7352294921875 640.3289794921875 20.30267524719238 -0.991563586725233 0.1296211922510799 -0.05575769059007649 0.0873561784301335 -0.01108645353654744 -0.002054277883043553 -0.005034448373283555 -0.02933745933565361
-93.26321411132812 633.2518920898438 9.484465599060059 0.6290852441782394 -0.7773363207500376 0.08394341733098293 0.02354767111221772 0.1362472319310736 -0.04392293311286354 -0.001771476283393528 0.02736756697915702
-92.15020751953125 634.5613403320312 9.404991149902344 0.807299332588274 0.5901421757530362 0.05932419918973618 0.1127313419885401 0.08020681784361629 -0.0156503729500309 0.0008511255340367786 0.0103793834615379
-90.22791290283203 631.396484375 7.62506103515625 0.9641235514536008 -0.2654539084897716 -0.01530036972663873 0.01558601825965516 0.06835942534559396 -0.02445160856465904 -0.006337768037707601 -0.004027799849065092
-89.09272003173828 632.697509765625 7.459105014801025 1 -2.220446049250313e-16 -0.006251173757999197 -0.02820615973964801 0.0347704545008007 -0.03704421664422894 0.01002783631961707 0.001474726713766174
0 1 2
0 3 1
3 4 1
3 5 4
5 6 4
14
7 6
-96.93241882324219 644.4671630859375 0 0.05185553115174624 0.2681816750811766 0.2099420572263926 0.003394831751652138 0 -0.002196721485459872 0.135848920225994 -0
-91.28174591064453 644.4646606445312 0 -0.2565406127004791 -0.9665334521035795 -0.07036242272409397 -0.1582831002395554 -0.04954054686603272 -0.02375108180731199 0.01884933535881501 -0.02649037329596968
-94.36363983154297 638.7132568359375 0 0.8692956903560008 -0.4942924263313001 0.1585588895767247 0.1210383966585805 -0.07274896733910505 -0.04000891732741776 0.02194947967916254 -0.05068167716470807
-96.93241882324219 638.7438354492188 0 1 2.220446049250313e-16 0.1850206278372771 -0.135819718844775 -0.01550373643570528 0.02421514754151287 0.04485201968222822 -0.1039418406163221
-100.2174682617188 644.4407348632812 0 0.2447819558835923 0.969578152638457 -0.1038781054399272 -0.03800631356947171 0.1195878048455281 0.0194382997317781 -0.1276579043681796 -0.02368629976599187
-96.93241882324219 649.8392333984375 0 -0.854472840989892 0.5194960673678509 0.1944932227452169 0.06046755671241313 -0.03666880299037498 0.001270045808657546 0.03713720390148396 0.06797634725266506
-93.56785583496094 649.8662109375 0 -0.9914446104904796 -0.1305280978539922 0.09616790504423932 -0.1334424318496696 -0.08855420339147711 -0.005773274590785369 0.00363794601951218 -0.01175167351257158
0 1 2
3 0 2
0 3 4
5 0 4
0 5 1
5 6 1
$EndParametrizations
